-0.002866,-0.000415
-0.006156,-0.000489
-0.006295,-0.000335
-0.006166,-0.000447
-0.006143,-0.000410
-0.006166,-0.000333
-0.006267,-0.000539
-0.006223,-0.000415
-0.006230,-0.000268
-0.006243,-0.000482
-0.006156,-0.000407
-0.006203,-0.000522
-0.006106,-0.000395
-0.006168,-0.000494
-0.006141,-0.000460
-0.006168,-0.000475
-0.006190,-0.000442
-0.006081,-0.000422
-0.006131,-0.000437
-0.006148,-0.000457
-0.006096,-0.000435
-0.006190,-0.000395
-0.006158,-0.000362
-0.006061,-0.000532
-0.006173,-0.000524
-0.006178,-0.000422
-0.006188,-0.000465
-0.006138,-0.000477
-0.006158,-0.000549
-0.006369,-0.000387
-0.006195,-0.000430
-0.006210,-0.000295
-0.006193,-0.000343
-0.006258,-0.000385
-0.006208,-0.000375
-0.006148,-0.000382
-0.006195,-0.000283
-0.006024,-0.000318
-0.000113,-0.000091
0.010137,-0.000086
0.018712,0.000285
0.031956,0.000913
0.061165,0.001672
0.093267,0.002618
0.114780,0.003345
0.121104,0.003343
0.126046,0.003647
0.152810,0.004469
0.184146,0.005345
0.215119,0.006446
0.234707,0.006859
0.241230,0.007228
0.242581,0.007245
0.243091,0.007200
0.246500,0.007265
0.250282,0.007489
0.252366,0.007517
0.254108,0.007537
0.258000,0.007619
0.264132,0.007960
0.277848,0.008426
0.299682,0.009075
0.326327,0.009942
0.356950,0.010849
0.383609,0.011984
0.399711,0.012542
0.404755,0.012679
0.406256,0.012631
0.406392,0.012734
0.406512,0.012661
0.406740,0.012641
0.408122,0.012833
0.409322,0.012836
0.410743,0.012908
0.420054,0.013202
0.446286,0.014096
0.475535,0.015194
0.498959,0.016026
0.525450,0.017059
0.546660,0.017749
0.558858,0.018337
0.577496,0.019091
0.592487,0.019602
0.599015,0.019724
0.604822,0.019960
0.612575,0.020403
0.619654,0.020476
0.627548,0.020341
0.649459,0.021631
0.675808,0.022699
0.692598,0.023292
0.708781,0.023905
0.727470,0.024756
0.740885,0.025389
0.746143,0.025369
0.749291,0.025623
0.750847,0.025608
0.754241,0.025733
0.770047,0.026278
0.787806,0.027204
0.801204,0.027535
0.807071,0.027799
0.808857,0.027877
0.811968,0.028210
0.817020,0.028243
0.827073,0.028716
0.842064,0.029316
0.867345,0.030409
0.895234,0.031443
0.906222,0.031841
0.909365,0.032058
0.910232,0.032110
0.910324,0.032083
0.911174,0.032068
0.914504,0.032282
0.922885,0.032620
0.933192,0.032902
0.951058,0.033649
0.982424,0.034814
1.013809,0.036062
1.046462,0.037115
1.074618,0.038340
1.091561,0.039068
1.097793,0.039269
1.108287,0.039767
1.176023,0.042472
1.217944,0.043821
1.231817,0.044417
1.242655,0.044760
1.268552,0.045632
1.295182,0.046610
1.310779,0.047163
1.320892,0.047654
1.339203,0.048142
1.349030,0.048600
1.352447,0.048613
1.353093,0.048677
1.353416,0.048545
1.353642,0.048692
1.353513,0.048598
1.353483,0.048558
1.353587,0.048782
1.353612,0.048600
1.353547,0.048700
1.355577,0.048623
1.365817,0.048991
1.379785,0.049355
1.398120,0.050099
1.413416,0.050625
1.434316,0.051332
1.460856,0.052316
1.486388,0.053115
1.516894,0.054059
1.540259,0.054756
1.557279,0.055274
1.578425,0.056021
1.603795,0.056708
1.626797,0.057475
1.650962,0.058262
1.683664,0.059345
1.712217,0.060180
1.723240,0.060459
1.727039,0.060760
1.728316,0.060718
1.728684,0.060650
1.729206,0.060785
1.739051,0.060904
1.761546,0.061656
1.792457,0.062680
1.829334,0.063805
1.859800,0.064684
1.890639,0.065583
1.924778,0.066485
1.963973,0.067715
1.999389,0.068661
2.020667,0.069359
2.028198,0.069628
2.030869,0.069493
2.031779,0.069717
2.032097,0.069700
2.032768,0.069720
2.043110,0.070038
2.068380,0.070634
2.095462,0.071478
2.123814,0.072357
2.142567,0.072875
2.156611,0.073223
2.175100,0.073784
2.198895,0.074543
2.228688,0.075156
2.257178,0.075898
2.271961,0.076508
2.277559,0.076506
2.279529,0.076403
2.280466,0.076506
2.282861,0.076543
2.288907,0.076779
2.305791,0.077158
2.334963,0.077930
2.368322,0.078821
2.407708,0.079967
2.444831,0.080761
2.476918,0.081630
2.499177,0.082305
2.508487,0.082721
2.512175,0.082422
2.513705,0.082343
2.514463,0.082557
2.515971,0.082440
2.533122,0.083090
2.559821,0.083735
2.592839,0.084785
2.631371,0.085660
2.674602,0.086748
2.708184,0.087565
2.723145,0.087973
2.729238,0.088170
2.731601,0.088102
2.732543,0.088269
2.738769,0.088374
2.763282,0.089036
2.802358,0.089875
2.847189,0.091058
2.889013,0.092059
2.927588,0.092928
2.954163,0.093788
2.965717,0.093895
2.970528,0.093940
2.972588,0.094039
2.974123,0.093890
2.982072,0.094296
3.008955,0.094975
3.044943,0.095740
3.080413,0.096706
3.114808,0.097466
3.143562,0.098051
3.157999,0.098340
3.164052,0.098534
3.166492,0.098477
3.168336,0.098551
3.172133,0.098756
3.190389,0.099112
3.226570,0.099998
3.269468,0.101099
3.313302,0.102207
3.352619,0.103111
3.378365,0.103557
3.391072,0.103870
3.396444,0.104007
3.398703,0.104167
3.400049,0.104097
3.406676,0.104349
3.430526,0.104817
3.466078,0.105736
3.508024,0.106655
3.548942,0.107631
3.582032,0.108363
3.598571,0.108619
3.606147,0.108863
3.609303,0.108923
3.610799,0.108998
3.612260,0.109095
3.623148,0.109304
3.647035,0.109869
3.681464,0.110435
3.723497,0.111520
3.762670,0.112541
3.792299,0.113336
3.808199,0.113453
3.815371,0.113575
3.818651,0.113796
3.821006,0.113719
3.834069,0.114045
3.865571,0.114810
3.910089,0.115769
3.954704,0.116730
3.985180,0.117507
4.000504,0.117791
4.007464,0.117870
4.010557,0.117960
4.013835,0.117841
4.040532,0.118550
4.088667,0.119554
4.140766,0.120772
4.184477,0.121850
4.209121,0.122370
4.221023,0.122607
4.226550,0.122886
4.229265,0.122704
4.233726,0.122831
4.248406,0.123152
4.270764,0.123770
4.299541,0.124412
4.332954,0.125154
4.363395,0.125690
4.383828,0.126220
4.395360,0.126427
4.400374,0.126678
4.402616,0.126639
4.405560,0.126758
4.415569,0.126902
4.432021,0.127423
4.450028,0.127587
4.467991,0.128158
4.486918,0.128526
4.509194,0.129054
4.529145,0.129365
4.547545,0.129881
4.567123,0.130212
4.589208,0.130852
4.606420,0.131128
4.615460,0.131380
4.619741,0.131382
4.621903,0.131547
4.623063,0.131644
4.624899,0.131320
4.635124,0.131711
4.650610,0.132112
4.661506,0.132199
4.667074,0.132550
4.669589,0.132334
4.670791,0.132505
4.671532,0.132426
4.680331,0.132613
4.701250,0.133086
4.724339,0.133482
4.745052,0.134191
4.762873,0.134532
4.779949,0.134861
4.797628,0.135262
4.816399,0.135631
4.830391,0.135852
4.837840,0.136074
4.841515,0.136059
4.843190,0.136181
4.844778,0.136179
4.857157,0.136462
4.887114,0.137175
4.919789,0.137815
4.951622,0.138375
4.980640,0.139139
5.000558,0.139376
5.010726,0.139787
5.015897,0.139854
5.018680,0.139824
5.019788,0.139951
5.024355,0.139999
5.037671,0.140230
5.057478,0.140604
5.086880,0.141391
5.120336,0.141904
5.152656,0.142820
5.179462,0.143283
5.195141,0.143592
5.203776,0.143838
5.208325,0.143866
5.210688,0.143891
5.219542,0.144185
5.243212,0.144556
5.278824,0.145313
5.323042,0.146296
5.362751,0.147160
5.391307,0.147668
5.407615,0.148042
5.416125,0.148231
5.420498,0.148433
5.422792,0.148229
5.430994,0.148617
5.454418,0.149043
5.488831,0.149743
5.530083,0.150679
5.570837,0.151600
5.607383,0.152300
5.629856,0.152783
5.641805,0.153154
5.648154,0.153152
5.651638,0.153187
5.658230,0.153406
5.677448,0.153926
5.713393,0.154382
5.763042,0.155657
5.811329,0.156713
5.843830,0.157253
5.860876,0.157736
5.870597,0.157761
5.875360,0.157883
5.878576,0.157878
5.892257,0.158299
5.918869,0.158817
5.953284,0.159572
5.993510,0.160428
6.034569,0.161352
6.063778,0.161803
6.080407,0.162017
6.089543,0.162221
6.094188,0.162331
6.096866,0.162381
6.105312,0.162595
6.124070,0.163045
6.149912,0.163563
6.180776,0.164266
6.215364,0.164751
6.241512,0.165391
6.257820,0.165792
6.266653,0.166021
6.271509,0.166123
6.274058,0.166166
6.275467,0.166198
6.278695,0.166243
6.289787,0.166382
6.308219,0.166741
6.333711,0.167366
6.364637,0.168018
6.397312,0.168761
6.423728,0.169254
6.439166,0.169585
6.448072,0.169677
6.452843,0.169732
6.455459,0.169762
6.457119,0.169993
6.465301,0.169936
6.485649,0.170446
6.511815,0.170932
6.542390,0.171667
6.571738,0.172195
6.599653,0.172966
6.622051,0.173191
6.635655,0.173654
6.643703,0.173596
6.647786,0.173761
6.650216,0.173943
6.651595,0.173758
6.656987,0.173865
6.674050,0.174241
6.695939,0.174737
6.726216,0.175297
6.758044,0.176049
6.791468,0.176697
6.823057,0.177387
6.844483,0.177666
6.856748,0.177932
6.863835,0.178114
6.867555,0.178164
6.869672,0.178201
6.870725,0.178276
6.871198,0.178188
6.871265,0.178301
6.871285,0.178218
6.871344,0.178201
6.871399,0.178276
6.871399,0.178296
6.871508,0.178186
6.871513,0.178226
6.871466,0.178181
6.871262,0.178106
6.871133,0.178188
6.871143,0.178216
6.871016,0.178111
6.870902,0.178099
6.870785,0.178129
6.870566,0.178121
6.870455,0.178178
6.870422,0.178241
6.870152,0.178151
6.870020,0.178206
6.869764,0.178086
6.869707,0.178266
6.869615,0.178296
6.869436,0.178221
6.869399,0.178047
6.869190,0.178174
6.868991,0.178253
6.868946,0.178101
6.868698,0.177972
6.868338,0.178188
6.868069,0.178251
6.867960,0.178273
6.867687,0.178178
6.867746,0.178139
6.867513,0.178039
6.867421,0.178124
6.867135,0.178151
6.867026,0.178166
6.866961,0.178136
6.866896,0.178054
6.866735,0.178136
6.866698,0.178171
6.864846,0.178191
6.853193,0.177845
6.834785,0.177479
6.814338,0.177035
6.793078,0.176617
6.772610,0.176224
6.754680,0.175895
6.740427,0.175594
6.725970,0.175295
6.708065,0.174914
6.689469,0.174533
6.671628,0.174336
6.652328,0.173895
6.635931,0.173445
6.621670,0.173146
6.609082,0.172949
6.601536,0.172810
6.597173,0.172717
6.594318,0.172688
6.589343,0.172521
6.583807,0.172533
6.580564,0.172314
6.573984,0.172329
6.559269,0.171980
6.541247,0.171532
6.519460,0.171096
6.496806,0.170715
6.480963,0.170309
6.471603,0.170187
6.466415,0.170187
6.462233,0.170090
6.459641,0.169963
6.456458,0.170003
6.448792,0.169674
6.433866,0.169470
6.417091,0.169107
6.403842,0.168676
6.391112,0.168472
6.376760,0.168332
6.352866,0.167804
6.330577,0.167306
6.317808,0.167020
6.310540,0.166943
6.306532,0.166836
6.302594,0.166865
6.292702,0.166597
6.281483,0.166377
6.268176,0.166213
6.248773,0.165752
6.231394,0.165297
6.219417,0.165177
6.211786,0.164943
6.207418,0.164891
6.204978,0.164736
6.203129,0.164629
6.192149,0.164450
6.168995,0.164134
6.148023,0.163439
6.119647,0.163050
6.084017,0.162316
6.044392,0.161489
6.007187,0.160530
5.971798,0.160052
5.941026,0.159308
5.910965,0.158892
5.873273,0.158092
5.842608,0.157487
5.814845,0.156793
5.782727,0.156175
5.755361,0.155615
5.737553,0.155293
5.726431,0.155054
5.718196,0.155149
5.710617,0.154758
5.704718,0.154686
5.701028,0.154524
5.698760,0.154656
5.697599,0.154524
5.695867,0.154392
5.693460,0.154467
5.692175,0.154382
5.691030,0.154392
5.689250,0.154257
5.686969,0.154267
5.685655,0.154253
5.682472,0.154297
5.672252,0.154013
5.654493,0.153752
5.622727,0.152948
5.584175,0.152138
5.555083,0.151491
5.531281,0.150955
5.504885,0.150455
5.478780,0.149954
5.454163,0.149327
5.427342,0.148782
5.403095,0.148460
5.373704,0.147668
5.342875,0.147028
5.317915,0.146573
5.298385,0.146154
5.281110,0.145808
5.263347,0.145223
5.240064,0.144976
5.211638,0.144361
5.180389,0.143679
5.144510,0.142865
5.112024,0.142299
5.089884,0.141931
5.067027,0.141430
5.046905,0.140972
5.036394,0.140656
5.030912,0.140713
5.027928,0.140576
5.026484,0.140479
5.023401,0.140541
5.010835,0.140253
4.985483,0.139660
4.955367,0.139090
4.928235,0.138557
4.904925,0.137971
4.879893,0.137536
4.840591,0.136704
4.805505,0.135994
4.783602,0.135608
4.758801,0.135187
4.729015,0.134311
4.700997,0.133746
4.673873,0.133277
4.643694,0.132513
4.613241,0.132042
4.572624,0.131091
4.528886,0.130110
4.501633,0.129542
4.477240,0.129022
4.446850,0.128297
4.424912,0.128085
4.405260,0.127545
4.377974,0.126955
4.350889,0.126370
4.325708,0.125924
4.302247,0.125378
4.277376,0.124816
4.258387,0.124400
4.246875,0.124303
4.240382,0.124009
4.236842,0.124011
4.235187,0.123902
4.234337,0.124044
4.233989,0.123947
4.232943,0.123887
4.229772,0.123810
4.222477,0.123630
4.210105,0.123394
4.194446,0.122960
4.172527,0.122418
4.137892,0.121800
4.090402,0.120674
4.050334,0.119828
4.023533,0.119387
4.000554,0.118809
3.969891,0.118179
3.937079,0.117377
3.903606,0.116777
3.862657,0.115928
3.819836,0.114992
3.786748,0.114232
3.759167,0.113791
3.699556,0.112494
3.639975,0.111097
3.604293,0.110216
3.570425,0.109521
3.536508,0.108689
3.518090,0.108368
3.510069,0.108328
3.500605,0.108049
3.481231,0.107586
3.452129,0.107026
3.410488,0.106027
3.363508,0.105111
3.336113,0.104314
3.312206,0.103878
3.286516,0.103193
3.256813,0.102628
3.228053,0.101903
3.195843,0.101096
3.164512,0.100509
3.142064,0.100043
3.113387,0.099348
3.073747,0.098521
3.043288,0.097954
3.026210,0.097421
2.992469,0.096726
2.919192,0.095107
2.866722,0.093835
2.829753,0.092948
2.793907,0.092231
2.761692,0.091347
2.738494,0.091178
2.718717,0.090697
2.697872,0.090080
2.673506,0.089574
2.646886,0.088857
2.610851,0.088058
2.578233,0.087268
2.547598,0.086571
2.525687,0.085996
2.502561,0.085590
2.471287,0.084686
2.442799,0.084355
2.405810,0.083202
2.367236,0.082402
2.346204,0.081765
2.321910,0.081299
2.282961,0.080208
2.211853,0.078550
2.167936,0.077469
2.137465,0.076735
2.095706,0.075861
2.054483,0.074932
2.030730,0.074272
2.020065,0.074080
2.005639,0.073679
1.985591,0.073291
1.961006,0.072389
1.927052,0.071635
1.884643,0.070713
1.856719,0.069690
1.822302,0.068933
1.789878,0.068158
1.759272,0.066943
1.724549,0.066537
1.696302,0.065798
1.680596,0.065334
1.673546,0.065222
1.665958,0.065103
1.658844,0.064988
1.655121,0.064767
1.653407,0.064719
1.632425,0.064067
1.606367,0.063564
1.596229,0.063233
1.589798,0.062981
1.573155,0.062633
1.553965,0.062174
1.531450,0.061440
1.513455,0.060922
1.501560,0.060635
1.491772,0.060381
1.474804,0.059873
1.447297,0.059201
1.412683,0.058242
1.373620,0.057254
1.340430,0.056320
1.311651,0.055473
1.292789,0.055030
1.285749,0.054846
1.283598,0.054863
1.282504,0.054771
1.281935,0.054813
1.281165,0.054778
1.280072,0.054766
1.277726,0.054798
1.272632,0.054517
1.270117,0.054457
1.267146,0.054422
1.254063,0.053932
1.240479,0.053603
1.230167,0.053351
1.219330,0.053180
1.206541,0.052597
1.190007,0.052176
1.178550,0.051910
1.169545,0.051768
1.156907,0.051367
1.129164,0.050413
1.111748,0.049913
1.100656,0.049569
1.080683,0.049026
1.056086,0.048391
1.031750,0.047589
1.007098,0.046862
0.990176,0.046645
0.975290,0.045714
0.961241,0.045679
0.937441,0.044608
0.908833,0.043929
0.885745,0.043234
0.871079,0.042790
0.864537,0.042541
0.850346,0.042173
0.840804,0.041687
0.835728,0.041667
0.826733,0.041257
0.810979,0.040841
0.788996,0.040079
0.769441,0.039501
0.750534,0.038933
0.736599,0.038500
0.717220,0.037643
0.682773,0.036650
0.665322,0.036082
0.660352,0.036059
0.654212,0.035781
0.648748,0.035522
0.640675,0.035255
0.612557,0.034329
0.565696,0.032767
0.544526,0.031980
0.538622,0.031916
0.536835,0.031819
0.535558,0.031794
0.522542,0.031353
0.500065,0.030484
0.478233,0.029727
0.456618,0.028883
0.432644,0.027949
0.417559,0.027516
0.406780,0.027092
0.400665,0.026861
0.389685,0.026420
0.362091,0.025279
0.340408,0.024689
0.315210,0.023748
0.284885,0.022590
0.259331,0.021290
0.221580,0.019716
0.190134,0.018638
0.176078,0.017831
0.159586,0.017194
0.118308,0.015416
0.061911,0.012714
0.034265,0.011493
0.012339,0.010525
-0.002163,0.009621
-0.004687,0.009434
-0.005030,0.009434
-0.005100,0.009593
-0.005303,0.009534
-0.005279,0.009514
-0.005512,0.009464
-0.005373,0.009633
-0.005512,0.009651
-0.005475,0.009583
-0.005438,0.009591
-0.005611,0.009593
-0.005582,0.009454
-0.005584,0.009534
-0.005785,0.009496
-0.005607,0.009511
-0.005582,0.009574
-0.005713,0.009556
-0.005726,0.009656
-0.005609,0.009576
-0.005815,0.009541
-0.005676,0.009633
-0.005736,0.009611
-0.005706,0.009571
-0.005592,0.009603
-0.005733,0.009633
-0.005691,0.009461
-0.005718,0.009504
-0.005689,0.009499
-0.005738,0.009484
-0.005800,0.009571
-0.005887,0.009461
-0.005703,0.009511
-0.005825,0.009392
-0.005706,0.009447
-0.005835,0.009544
-0.005793,0.009578
-0.005748,0.009546
-0.005733,0.009407
-0.005758,0.009456
-0.005681,0.009636
-0.005835,0.009521
-0.005785,0.009686
-0.005937,0.009688
-0.005758,0.009574
-0.005875,0.009471
-0.005706,0.009571
-0.005785,0.009541
-0.005736,0.009516
-0.005741,0.009456
-0.005857,0.009434
-0.005867,0.009668
-0.005823,0.009524
-0.005952,0.009516
-0.005922,0.009427
-0.005835,0.009638
-0.005763,0.009464
-0.005922,0.009663
-0.005930,0.009608
-0.005922,0.009362
-0.005825,0.009521
-0.005793,0.009631
-0.005696,0.009566
-0.005959,0.009491
-0.005920,0.009601
-0.005902,0.009354
-0.005751,0.009591
-0.005895,0.009598
-0.005875,0.009459
-0.005780,0.009504
-0.005833,0.009432
-0.005726,0.009479
-0.005872,0.009576
-0.005785,0.009484
-0.005885,0.009583
-0.005785,0.009514
-0.005915,0.009686
-0.005843,0.009536
-0.006056,0.009529
-0.005790,0.009419
-0.005999,0.009554
-0.005989,0.009439
-0.005942,0.009491
-0.005875,0.009519
-0.005954,0.009481
-0.005885,0.009459
-0.005880,0.009646
-0.005763,0.009404
-0.005972,0.009484
-0.005947,0.009608
-0.006036,0.009506
-0.005815,0.009656
-0.005905,0.009566
-0.006016,0.009598
-0.005932,0.009574
-0.005972,0.009491
-0.006007,0.009633
-0.005877,0.009574
-0.006054,0.009419
-0.005907,0.009496
-0.005845,0.009516
-0.005830,0.009561
-0.005887,0.009544
-0.006024,0.009521
-0.006123,0.009613
-0.005952,0.009648
-0.005875,0.009554
-0.005947,0.009476
-0.005880,0.009551
-0.005972,0.009509
-0.005880,0.009691
-0.006086,0.009451
-0.005147,0.009569
-0.003047,0.009576
-0.001700,0.009686
-0.000836,0.009673
-0.000575,0.009666
-0.000475,0.009616
-0.000416,0.009613
0.000357,0.009613
0.000576,0.009701
0.000712,0.009623
0.000747,0.009643
0.000804,0.009713
0.000762,0.009828
0.000770,0.009698
0.000680,0.009708
0.000762,0.009606
-0.000110,0.009628
-0.000247,0.009710
-0.000490,0.009578
-0.000383,0.009671
-0.000326,0.009703
-0.000334,0.009626
-0.000515,0.009621
-0.000227,0.009768
-0.000354,0.009678
-0.000411,0.009758
-0.000359,0.009638
-0.000408,0.009554
-0.000364,0.009778
-0.000490,0.009596
-0.000488,0.009676
-0.000453,0.009666
-0.000416,0.009696
-0.000490,0.009603
-0.000393,0.009638
-0.000490,0.009715
-0.000488,0.009656
-0.000361,0.009566
0.003602,0.009910
0.006057,0.009730
0.006117,0.009780
0.006007,0.009900
0.006080,0.009887
0.005985,0.009897
0.006080,0.009850
0.005988,0.009753
0.006085,0.009837
0.006085,0.009808
0.006114,0.009832
0.006122,0.009798
0.005995,0.010047
0.006149,0.009892
0.006114,0.009835
0.005988,0.009840
0.006194,0.009845
0.004385,0.009755
-0.012286,0.009382
-0.032763,0.008423
-0.049501,0.007591
-0.063858,0.006959
-0.071906,0.006523
-0.082733,0.005993
-0.100695,0.005171
-0.110764,0.004620
-0.113589,0.004366
-0.114511,0.004274
-0.114883,0.004259
-0.114995,0.004429
-0.115023,0.004364
-0.114876,0.004334
-0.114647,0.004304
-0.113176,0.004404
-0.114799,0.004292
-0.120561,0.003971
-0.123332,0.003853
-0.127765,0.003649
-0.134526,0.003400
-0.136549,0.003129
-0.136899,0.003104
-0.137610,0.003134
-0.139359,0.003039
-0.140306,0.002937
-0.140380,0.003206
-0.140460,0.002900
-0.140398,0.002902
-0.140606,0.002955
-0.141083,0.002989
-0.141618,0.002835
-0.150083,0.002409
-0.184416,0.000576
-0.228390,-0.001981
-0.261664,-0.003946
-0.291389,-0.005853
-0.325014,-0.008047
-0.364766,-0.010906
-0.407544,-0.014270
-0.450947,-0.017739
-0.495723,-0.021768
-0.540117,-0.025855
-0.568319,-0.028701
-0.581971,-0.030130
-0.589778,-0.030927
-0.595053,-0.031550
-0.601616,-0.032165
-0.609572,-0.032910
-0.614604,-0.033472
-0.616326,-0.033764
-0.617054,-0.033858
-0.617575,-0.033866
-0.618010,-0.033980
-0.618264,-0.034025
-0.619081,-0.034065
-0.626260,-0.034673
-0.633272,-0.035385
-0.638396,-0.036035
-0.645915,-0.036660
-0.649135,-0.036857
-0.655613,-0.037596
-0.673924,-0.039534
-0.699992,-0.042410
-0.726952,-0.045298
-0.751385,-0.047779
-0.775180,-0.050510
-0.800761,-0.053167
-0.829053,-0.056220
-0.860500,-0.059435
-0.892092,-0.062829
-0.925200,-0.066122
-0.948681,-0.068522
-0.956914,-0.069299
-0.959669,-0.069755
-0.960611,-0.069782
-0.961366,-0.070011
-0.961960,-0.070098
-0.962117,-0.069979
-0.962234,-0.070093
-0.962286,-0.070176
-0.962770,-0.070116
-0.963548,-0.070238
-0.973713,-0.070858
-0.994844,-0.072990
-1.010585,-0.074347
-1.026911,-0.075736
-1.046739,-0.077387
-1.074718,-0.079803
-1.104400,-0.082027
-1.133840,-0.084325
-1.163488,-0.086275
-1.193527,-0.088207
-1.226158,-0.090314
-1.264304,-0.092381
-1.301818,-0.094565
-1.327861,-0.096012
-1.336406,-0.096485
-1.339149,-0.096654
-1.340752,-0.096741
-1.353253,-0.097376
-1.368324,-0.098046
-1.377120,-0.098447
-1.389035,-0.099040
-1.403327,-0.099697
-1.418726,-0.100335
-1.436278,-0.101191
-1.457091,-0.102155
-1.480468,-0.103236
-1.496855,-0.103721
-1.504114,-0.104162
-1.506429,-0.104326
-1.507391,-0.104292
-1.507741,-0.104232
-1.507769,-0.104297
-1.512207,-0.104416
-1.544141,-0.105564
-1.615396,-0.108428
-1.667870,-0.110383
-1.707110,-0.111857
-1.741895,-0.112858
-1.779381,-0.114280
-1.812563,-0.115403
-1.830404,-0.115876
-1.837103,-0.116245
-1.839923,-0.116205
-1.841126,-0.116172
-1.841792,-0.116240
-1.841869,-0.116382
-1.841906,-0.116220
-1.841851,-0.116085
-1.841859,-0.116090
-1.844344,-0.116269
-1.861469,-0.116710
-1.896761,-0.118122
-1.926946,-0.118675
-1.952430,-0.119756
-1.975363,-0.120503
-1.997314,-0.121110
-2.022559,-0.121885
-2.047141,-0.122799
-2.069097,-0.123379
-2.089075,-0.124002
-2.099062,-0.124196
-2.102756,-0.124388
-2.103937,-0.124355
-2.104396,-0.124333
-2.105882,-0.124467
-2.119447,-0.124858
-2.149203,-0.125695
-2.182613,-0.126733
-2.212106,-0.127485
-2.238825,-0.128220
-2.266394,-0.128950
-2.292343,-0.129644
-2.318734,-0.130332
-2.333754,-0.130693
-2.339422,-0.130880
-2.341636,-0.130944
-2.342503,-0.131024
-2.342983,-0.130982
-2.344297,-0.131034
-2.360101,-0.131607
-2.390895,-0.132214
-2.423071,-0.133148
-2.457041,-0.134099
-2.488707,-0.134978
-2.518908,-0.135967
-2.547925,-0.136475
-2.563008,-0.136921
-2.569073,-0.137075
-2.571466,-0.137242
-2.572299,-0.137152
-2.572825,-0.137095
-2.577691,-0.137449
-2.601853,-0.137987
-2.645220,-0.139102
-2.687641,-0.140041
-2.723472,-0.140953
-2.751767,-0.141525
-2.776453,-0.142245
-2.794125,-0.142828
-2.802486,-0.142880
-2.805843,-0.143007
-2.807143,-0.143004
-2.807906,-0.143029
-2.810157,-0.143072
-2.828833,-0.143540
-2.865494,-0.144461
-2.904036,-0.145485
-2.939231,-0.146364
-2.973504,-0.147133
-3.008102,-0.147868
-3.038608,-0.148620
-3.057614,-0.149135
-3.066204,-0.149272
-3.069405,-0.149340
-3.070632,-0.149447
-3.071708,-0.149277
-3.081044,-0.149549
-3.108772,-0.150211
-3.150444,-0.151387
-3.195104,-0.152378
-3.238566,-0.153546
-3.277754,-0.154437
-3.316658,-0.155167
-3.339101,-0.155889
-3.349135,-0.156053
-3.353851,-0.156130
-3.355613,-0.156193
-3.356989,-0.156337
-3.368240,-0.156477
-3.395561,-0.157169
-3.433800,-0.158073
-3.472719,-0.158932
-3.506948,-0.159694
-3.543725,-0.160658
-3.579256,-0.161335
-3.614649,-0.162147
-3.636518,-0.162744
-3.646219,-0.162934
-3.650823,-0.163026
-3.652575,-0.163048
-3.655678,-0.163337
-3.673231,-0.163534
-3.712702,-0.164458
-3.765244,-0.165750
-3.816180,-0.166761
-3.862812,-0.167757
-3.896866,-0.168484
-3.914489,-0.169067
-3.922346,-0.169246
-3.926098,-0.169167
-3.927676,-0.169060
-3.928642,-0.169177
-3.934797,-0.169261
-3.953990,-0.169752
-3.975570,-0.170272
-3.996415,-0.170800
-4.011968,-0.170877
-4.022662,-0.171311
-4.029821,-0.171522
-4.034515,-0.171620
-4.038279,-0.171557
-4.044623,-0.171677
-4.061908,-0.172128
-4.098536,-0.172880
-4.146873,-0.174232
-4.190892,-0.175158
-4.213645,-0.175806
-4.224779,-0.175880
-4.230045,-0.176005
-4.232810,-0.176012
-4.233747,-0.175980
-4.234493,-0.176072
-4.235243,-0.176042
-4.254938,-0.176493
-4.291079,-0.177364
-4.325618,-0.177984
-4.359247,-0.178776
-4.391408,-0.179509
-4.422965,-0.180231
-4.448010,-0.180803
-4.462991,-0.181028
-4.470167,-0.181269
-4.473554,-0.181289
-4.475308,-0.181463
-4.476205,-0.181416
-4.476476,-0.181324
-4.476660,-0.181428
-4.476766,-0.181344
-4.477030,-0.181272
-4.477000,-0.181329
-4.477114,-0.181244
-4.477149,-0.181341
-4.477080,-0.181426
-4.478600,-0.181453
-4.483960,-0.181493
-4.498250,-0.181727
-4.522775,-0.182430
-4.551619,-0.182995
-4.586995,-0.183802
-4.627587,-0.184728
-4.669384,-0.185582
-4.708547,-0.186464
-4.731529,-0.186954
-4.742895,-0.187153
-4.748490,-0.187280
-4.751005,-0.187263
-4.752305,-0.187328
-4.754419,-0.187345
-4.765360,-0.187522
-4.786180,-0.188052
-4.815143,-0.188598
-4.849736,-0.189372
-4.885667,-0.190030
-4.919793,-0.190861
-4.951239,-0.191452
-4.975127,-0.191825
-4.988876,-0.192293
-4.995858,-0.192388
-4.999484,-0.192455
-5.001449,-0.192582
-5.002532,-0.192550
-5.004751,-0.192545
-5.014850,-0.192709
-5.028958,-0.193090
-5.043159,-0.193381
-5.066263,-0.193994
-5.099728,-0.194674
-5.134267,-0.195376
-5.169576,-0.196166
-5.203598,-0.196933
-5.232430,-0.197391
-5.251038,-0.197759
-5.260605,-0.198170
-5.265368,-0.198088
-5.267962,-0.198247
-5.269212,-0.198213
-5.271806,-0.198138
-5.283791,-0.198621
-5.303920,-0.198912
-5.329178,-0.199346
-5.357570,-0.199958
-5.386672,-0.200685
-5.419720,-0.201348
-5.458207,-0.202040
-5.488462,-0.202889
-5.505388,-0.203233
-5.514277,-0.203397
-5.519045,-0.203390
-5.521396,-0.203514
-5.522730,-0.203519
-5.526067,-0.203589
-5.537234,-0.203888
-5.560884,-0.204323
-5.593960,-0.205168
-5.626369,-0.205745
-5.665510,-0.206754
-5.709645,-0.207581
-5.749034,-0.208333
-5.772061,-0.208918
-5.784684,-0.209122
-5.791112,-0.209249
-5.794782,-0.209374
-5.796700,-0.209441
-5.799341,-0.209411
-5.809738,-0.209555
-5.825285,-0.209931
-5.844143,-0.210273
-5.867987,-0.210796
-5.895943,-0.211348
-5.930865,-0.212018
-5.978340,-0.213039
-6.029119,-0.214137
-6.069425,-0.215153
-6.094785,-0.215465
-6.108452,-0.215719
-6.115755,-0.215980
-6.119922,-0.215853
-6.121922,-0.216070
-6.123229,-0.216023
-6.123612,-0.216072
-6.127324,-0.216100
-6.137224,-0.216331
-6.150090,-0.216376
-6.165225,-0.217031
-6.181637,-0.217240
-6.199269,-0.217649
-6.222361,-0.218147
-6.244793,-0.218540
-6.267537,-0.219088
-6.287386,-0.219414
-6.305167,-0.219778
-6.325214,-0.220201
-6.345217,-0.220525
-6.366805,-0.221137
-6.391146,-0.221583
-6.411638,-0.221944
-6.423536,-0.222138
-6.429929,-0.222373
-6.433942,-0.222417
-6.435972,-0.222355
-6.437120,-0.222383
-6.440994,-0.222378
-6.452911,-0.222744
-6.470737,-0.223065
-6.491493,-0.223575
-6.514197,-0.224014
-6.541266,-0.224758
-6.571285,-0.225172
-6.601098,-0.225963
-6.629586,-0.226509
-6.656904,-0.227069
-6.682528,-0.227492
-6.701385,-0.227931
-6.712062,-0.228127
-6.718155,-0.228240
-6.721614,-0.228342
-6.723708,-0.228441
-6.725709,-0.228456
-6.735186,-0.228503
-6.748425,-0.229014
-6.763348,-0.229193
-6.782626,-0.229497
-6.805677,-0.230107
-6.827086,-0.230356
-6.848652,-0.230685
-6.867539,-0.231325
-6.888459,-0.231639
-6.907838,-0.231972
-6.920080,-0.232261
-6.927189,-0.232406
-6.931299,-0.232535
-6.933193,-0.232548
-6.934418,-0.232595
-6.934900,-0.232612
-6.935051,-0.232441
-6.935258,-0.232545
-6.935203,-0.232508
-6.933856,-0.232473
-6.913086,-0.231980
-6.888118,-0.231661
-6.857585,-0.230899
-6.820149,-0.230189
-6.776958,-0.229465
-6.727850,-0.228379
-6.688024,-0.227582
-6.664515,-0.227196
-6.651284,-0.226947
-6.643809,-0.226698
-6.639590,-0.226823
-6.636263,-0.226601
-6.619876,-0.226325
-6.578451,-0.225398
-6.533444,-0.224512
-6.487177,-0.223448
-6.443643,-0.222724
-6.410868,-0.221860
-6.391320,-0.221518
-6.380377,-0.221312
-6.374627,-0.221192
-6.371633,-0.221212
-6.360195,-0.220953
-6.331006,-0.220283
-6.293940,-0.219703
-6.255423,-0.218827
-6.224579,-0.218152
-6.200743,-0.217674
-6.186162,-0.217402
-6.177706,-0.217225
-6.173459,-0.217173
-6.172140,-0.217166
-6.162000,-0.216897
-6.128333,-0.216334
-6.083574,-0.215335
-6.043183,-0.214506
-6.015204,-0.213886
-5.999572,-0.213532
-5.990853,-0.213323
-5.986482,-0.213301
-5.983908,-0.213121
-5.977366,-0.213156
-5.946798,-0.212479
-5.899348,-0.211368
-5.845278,-0.210337
-5.800030,-0.209588
-5.773477,-0.209055
-5.759766,-0.208736
-5.752287,-0.208577
-5.748475,-0.208405
-5.746823,-0.208577
-5.740789,-0.208343
-5.704546,-0.207725
-5.660925,-0.206754
-5.621536,-0.205920
-5.584992,-0.205038
-5.559296,-0.204630
-5.545429,-0.204321
-5.537897,-0.204199
-5.533810,-0.204109
-5.532011,-0.204084
-5.527729,-0.203903
-5.503920,-0.203412
-5.467463,-0.202685
-5.426058,-0.201798
-5.380760,-0.200907
-5.345123,-0.200005
-5.324837,-0.199759
-5.314575,-0.199468
-5.309225,-0.199373
-5.306633,-0.199318
-5.305572,-0.199415
-5.301199,-0.199246
-5.275061,-0.198790
-5.238960,-0.197973
-5.199292,-0.197231
-5.152267,-0.196193
-5.111737,-0.195416
-5.083450,-0.194751
-5.067977,-0.194388
-5.059919,-0.194183
-5.055886,-0.194166
-5.053896,-0.194074
-5.052495,-0.194029
-5.040314,-0.193780
-5.000413,-0.192966
-4.949941,-0.191783
-4.896513,-0.190737
-4.853971,-0.189781
-4.830837,-0.189355
-4.818999,-0.189143
-4.813202,-0.188984
-4.810295,-0.189004
-4.808938,-0.189011
-4.807425,-0.189106
-4.791348,-0.188665
-4.746858,-0.187706
-4.692890,-0.186536
-4.651767,-0.185689
-4.616917,-0.185027
-4.598075,-0.184636
-4.588653,-0.184439
-4.584001,-0.184394
-4.582239,-0.184357
-4.579188,-0.184227
-4.552342,-0.183540
-4.501766,-0.182614
-4.444658,-0.181252
-4.144105,-0.174421
-3.662653,-0.164273
-3.480119,-0.160155
-3.424305,-0.159251
-3.410134,-0.158942
-3.407791,-0.159041
-3.401800,-0.158982
-3.386623,-0.158404
-3.373300,-0.158287
-3.361902,-0.158085
-3.356333,-0.157864
-3.350805,-0.157751
-3.345676,-0.157602
-3.343047,-0.157542
-3.342379,-0.157520
-3.341288,-0.157502
-3.342259,-0.157662
-3.344478,-0.157592
-3.347254,-0.157699
-3.350173,-0.157709
-3.353113,-0.157739
-3.356023,-0.157891
-3.358965,-0.157864
-3.361800,-0.157896
-3.364377,-0.158008
-3.367281,-0.158055
-3.370208,-0.158073
-3.372805,-0.158237
-3.375551,-0.158347
-3.378098,-0.158382
-3.380985,-0.158352
-3.383403,-0.158357
-3.386081,-0.158454
-3.388531,-0.158511
-3.391016,-0.158588
-3.393563,-0.158663
-3.396190,-0.158728
-3.398704,-0.158583
-3.401236,-0.158857
-3.403756,-0.158748
-3.406082,-0.159046
-3.408653,-0.158895
-3.411051,-0.159004
-3.414013,-0.159002
-3.418180,-0.159124
-3.427965,-0.159335
-3.440163,-0.159779
-3.456600,-0.160028
-3.476285,-0.160438
-3.493564,-0.160742
-3.507713,-0.161111
-3.520810,-0.161303
-3.534002,-0.161649
-3.549786,-0.162107
-3.564307,-0.162304
-3.576868,-0.162665
-3.584180,-0.162914
-3.581892,-0.162769
-3.570000,-0.162543
-3.554803,-0.162149
-3.541439,-0.161791
-3.524950,-0.161479
-3.503417,-0.161138
-3.479657,-0.160493
-3.459858,-0.160072
-3.452436,-0.160042
-3.451146,-0.159846
-3.452078,-0.160010
-3.453832,-0.159940
-3.455549,-0.160028
-3.453663,-0.159911
-3.438981,-0.159534
-3.411489,-0.158979
-3.380662,-0.158369
-3.354298,-0.157836
-3.335138,-0.157373
-3.327008,-0.157331
-3.325216,-0.157131
-3.325489,-0.157271
-3.326799,-0.157204
-3.328657,-0.157224
-3.328590,-0.157343
-3.315724,-0.156865
-3.289206,-0.156377
-3.260534,-0.155797
-3.233437,-0.155142
-3.215984,-0.154828
-3.207376,-0.154646
-3.204414,-0.154586
-3.204059,-0.154427
-3.204526,-0.154417
-3.205518,-0.154621
-3.206604,-0.154619
-3.205900,-0.154579
-3.191779,-0.154181
-3.160443,-0.153508
-3.130593,-0.152816
-3.105020,-0.152166
-3.087263,-0.151720
-3.080726,-0.151658
-3.078897,-0.151536
-3.078797,-0.151713
-3.079297,-0.151638
-3.079657,-0.151588
-3.073728,-0.151546
-3.046552,-0.150908
-3.009501,-0.149942
-2.982958,-0.149387
-2.962570,-0.148973
-2.952877,-0.148844
-2.949431,-0.148769
-2.948539,-0.148764
-2.948519,-0.148635
-2.948954,-0.148637
-2.949374,-0.148630
-2.950047,-0.148655
-2.946171,-0.148672
-2.935762,-0.148475
-2.919183,-0.147935
-2.894827,-0.147576
-2.869832,-0.146934
-2.841543,-0.146359
-2.816372,-0.145798
-2.801299,-0.145308
-2.794950,-0.145241
-2.792952,-0.145171
-2.792510,-0.145231
-2.792664,-0.145285
-2.793216,-0.145186
-2.788089,-0.145124
-2.769026,-0.144710
-2.739260,-0.144095
-2.712298,-0.143405
-2.686406,-0.142706
-2.670404,-0.142394
-2.664073,-0.142280
-2.662395,-0.142133
-2.661603,-0.142300
-2.661675,-0.142193
-2.661724,-0.142163
-2.660691,-0.142190
-2.646339,-0.141964
-2.619296,-0.141157
-2.588952,-0.140601
-2.557300,-0.139854
-2.531381,-0.139272
-2.518542,-0.139020
-2.513672,-0.138858
-2.512256,-0.138803
-2.511838,-0.138746
-2.512126,-0.138826
-2.510685,-0.138823
-2.489748,-0.138273
-2.457120,-0.137392
-2.427245,-0.136754
-2.401485,-0.136149
-2.384681,-0.135721
-2.378526,-0.135850
-2.376396,-0.135581
-2.375733,-0.135559
-2.375586,-0.135706
-2.369240,-0.135539
-2.342976,-0.134782
-2.310675,-0.134084
-2.284630,-0.133275
-2.258485,-0.132792
-2.229447,-0.132162
-2.210913,-0.131485
-2.203707,-0.131480
-2.201272,-0.131310
-2.200511,-0.131263
-2.200223,-0.131345
-2.200633,-0.131338
-2.199016,-0.131186
-2.172672,-0.130802
-2.133504,-0.129634
-2.099496,-0.129009
-2.072303,-0.128315
-2.051848,-0.127812
-2.039995,-0.127578
-2.035704,-0.127500
-2.034201,-0.127236
-2.033602,-0.127485
-2.033361,-0.127358
-2.032653,-0.127336
-2.006229,-0.126634
-1.958715,-0.125558
-1.919889,-0.124490
-1.886434,-0.123802
-1.864737,-0.123083
-1.856621,-0.122983
-1.853537,-0.122893
-1.852576,-0.122722
-1.852293,-0.122978
-1.852019,-0.122881
-1.848290,-0.122826
-1.816034,-0.122039
-1.769916,-0.120720
-1.730221,-0.119606
-1.690268,-0.118650
-1.659364,-0.117776
-1.637434,-0.117186
-1.629291,-0.116887
-1.626620,-0.116912
-1.625725,-0.116872
-1.625521,-0.116947
-1.625228,-0.116897
-1.609661,-0.116469
-1.561848,-0.115438
-1.507692,-0.113784
-1.462746,-0.112507
-1.430108,-0.111854
-1.413751,-0.111294
-1.408247,-0.111227
-1.406585,-0.111130
-1.405983,-0.111199
-1.405931,-0.111232
-1.393587,-0.110776
-1.350008,-0.109484
-1.309068,-0.108478
-1.260413,-0.107143
-1.222990,-0.106087
-1.209902,-0.105721
-1.205946,-0.105646
-1.204614,-0.105674
-1.204244,-0.105738
-1.204105,-0.105689
-1.203119,-0.105614
-1.186709,-0.105153
-1.142854,-0.103883
-1.097211,-0.102561
-1.045050,-0.100925
-1.003129,-0.099705
-0.981836,-0.099015
-0.974374,-0.098803
-0.972252,-0.098798
-0.971673,-0.098823
-0.971435,-0.098813
-0.961622,-0.098542
-0.919999,-0.097217
-0.863346,-0.095548
-0.817277,-0.093930
-0.791261,-0.093205
-0.782159,-0.092839
-0.779665,-0.092759
-0.779073,-0.092874
-0.778860,-0.092712
-0.778691,-0.092849
-0.777252,-0.092710
-0.761861,-0.092284
-0.716073,-0.090685
-0.671188,-0.089136
-0.633322,-0.087811
-0.610387,-0.087179
-0.603109,-0.086927
-0.601027,-0.086957
-0.600507,-0.086863
-0.600251,-0.086775
-0.599349,-0.086743
-0.573483,-0.085981
-0.497611,-0.083307
-0.422679,-0.080692
-0.377011,-0.078779
-0.356941,-0.078162
-0.351840,-0.077910
-0.350575,-0.077885
-0.350130,-0.077918
-0.350357,-0.077940
-0.345601,-0.077808
-0.316787,-0.076618
-0.273153,-0.074967
-0.214266,-0.072429
-0.168419,-0.070584
-0.145514,-0.069655
-0.138713,-0.069361
-0.137274,-0.069189
-0.136660,-0.069267
-0.136829,-0.069090
-0.136874,-0.069269
-0.134287,-0.069177
-0.111467,-0.068228
-0.072535,-0.066400
-0.037745,-0.064924
-0.006677,-0.063616
0.003562,-0.063305
0.004942,-0.063206
0.005150,-0.063039
0.005314,-0.063108
0.005302,-0.063093
0.005436,-0.063151
0.005414,-0.062971
0.005481,-0.063076
0.005503,-0.062971
0.005580,-0.063173
0.005640,-0.063044
0.005662,-0.063061
0.005520,-0.063039
0.005612,-0.063158
0.005702,-0.063079
0.005448,-0.063049
0.005692,-0.063011
0.005670,-0.063083
0.005816,-0.063024
0.005657,-0.063069
0.005824,-0.063009
0.005680,-0.063183
0.005757,-0.063036
0.005709,-0.063083
0.005667,-0.063083
0.005786,-0.063064
0.005809,-0.063076
0.005769,-0.063014
0.005901,-0.063181
0.005930,-0.063113
0.005829,-0.063121
0.005796,-0.062961
0.005811,-0.063066
0.005762,-0.063103
0.005786,-0.062964
0.005853,-0.062989
0.005752,-0.063006
0.005724,-0.062981
0.005766,-0.062914
0.004748,-0.063096
0.003068,-0.063096
0.001739,-0.063198
0.000929,-0.063163
0.000705,-0.063213
0.000581,-0.063171
0.000486,-0.063295
-0.000339,-0.063093
-0.000493,-0.063156
-0.000582,-0.063191
-0.000570,-0.063337
-0.000441,-0.063203
-0.000729,-0.063158
-0.000615,-0.063118
-0.000505,-0.063270
-0.000580,-0.063193
-0.000557,-0.063136
-0.000525,-0.063290
-0.000605,-0.063318
-0.000416,-0.063298
-0.000629,-0.063198
-0.000396,-0.063310
-0.000426,-0.063193
0.000439,-0.063270
0.000603,-0.063141
0.000673,-0.063206
0.000576,-0.063260
0.000606,-0.063166
0.000588,-0.063118
0.000695,-0.063188
0.000606,-0.063121
0.000593,-0.063268
0.000663,-0.063161
0.000548,-0.063141
0.000655,-0.063183
0.000583,-0.063191
0.000643,-0.063103
0.000533,-0.063176
0.000563,-0.063096
0.000506,-0.063215
0.000765,-0.063168
0.000645,-0.063193
0.000717,-0.063193
0.000268,-0.063193
-0.005542,-0.063375
-0.005907,-0.063382
-0.006041,-0.063355
-0.006014,-0.063410
-0.006113,-0.063442
-0.006081,-0.063397
-0.006106,-0.063385
-0.006148,-0.063474
-0.006079,-0.063435
-0.006002,-0.063347
-0.006084,-0.063430
-0.006034,-0.063365
-0.006054,-0.063392
-0.006031,-0.063400
-0.006123,-0.063235
-0.006014,-0.063330
-0.006143,-0.063342
-0.005994,-0.063397
-0.006046,-0.063248
-0.005838,-0.063265
-0.003750,-0.063233
0.002482,-0.063059
0.012925,-0.062854
0.027146,-0.062058
0.036469,-0.061721
0.048212,-0.061094
0.076815,-0.059647
0.103487,-0.058252
0.126021,-0.057197
0.146275,-0.055979
0.171439,-0.054724
0.205692,-0.052635
0.238703,-0.050789
0.249489,-0.049925
0.251984,-0.049850
0.252749,-0.049758
0.252826,-0.049751
0.252796,-0.049768
0.257706,-0.049691
0.284396,-0.047886
0.343591,-0.043964
0.410130,-0.038719
0.463834,-0.034237
0.512091,-0.029784
0.549495,-0.026089
0.568765,-0.024259
0.574117,-0.023648
0.575618,-0.023507
0.575914,-0.023414
0.576125,-0.023462
0.577919,-0.023218
0.593188,-0.021960
0.612803,-0.019928
0.644557,-0.016626
0.684619,-0.012477
0.722917,-0.008164
0.759708,-0.004377
0.798471,-0.000166
0.834669,0.003834
0.850289,0.005477
0.854816,0.006289
0.856315,0.006329
0.856580,0.006543
0.856854,0.006481
0.863009,0.006981
0.880258,0.008508
0.906781,0.011434
0.940753,0.014895
0.975493,0.018476
1.006340,0.021332
1.040111,0.024316
1.079704,0.027750
1.115980,0.030419
1.148744,0.032810
1.166230,0.034065
1.171659,0.034446
1.173421,0.034364
1.173928,0.034553
1.174301,0.034491
1.181882,0.034981
1.205617,0.036356
1.245242,0.038881
1.284982,0.041172
1.318469,0.042863
1.348878,0.044456
1.382195,0.046028
1.410032,0.047238
1.429545,0.048254
1.437544,0.048498
1.439932,0.048598
1.440551,0.048543
1.440898,0.048652
1.441492,0.048705
1.451111,0.049263
1.477435,0.050313
1.511487,0.051643
1.555836,0.053379
1.602948,0.055139
1.651200,0.057030
1.694580,0.058424
1.733716,0.059729
1.749919,0.060454
1.755657,0.060658
1.757640,0.060628
1.758437,0.060640
1.759088,0.060797
1.766443,0.060962
1.787529,0.061721
1.820707,0.062660
1.866189,0.064306
1.916561,0.065932
1.964567,0.067292
2.009254,0.068751
2.041502,0.069752
2.055469,0.070048
2.060821,0.070375
2.062543,0.070302
2.063358,0.070362
2.064419,0.070556
2.069632,0.070569
2.096560,0.071411
2.148866,0.072920
2.210695,0.074625
2.267314,0.076289
2.320829,0.077813
2.363789,0.079023
2.385082,0.079449
2.393642,0.079566
2.396904,0.079700
2.398062,0.079730
2.398611,0.079606
2.399980,0.079743
2.405718,0.079852
2.418984,0.080370
2.443527,0.080931
2.481895,0.082049
2.526693,0.083284
2.566182,0.084367
2.611565,0.085371
2.657722,0.086661
2.692460,0.087570
2.707883,0.087916
2.714513,0.087985
2.716993,0.088137
2.717947,0.088053
2.718635,0.088033
2.724136,0.088244
2.738367,0.088630
2.758206,0.089116
2.786120,0.089831
2.826332,0.090817
2.870338,0.091893
2.919311,0.093163
2.970677,0.094480
3.010575,0.095279
3.030991,0.095849
3.039499,0.096054
3.043069,0.095949
3.044585,0.096061
3.045348,0.096029
3.049279,0.096218
3.067726,0.096599
3.098672,0.097311
3.141950,0.098502
3.193927,0.099742
3.252690,0.101084
3.308298,0.102551
3.337107,0.103049
3.349712,0.103353
3.355104,0.103529
3.357462,0.103629
3.358884,0.103579
3.371034,0.103938
3.403682,0.104446
3.438733,0.105362
3.486767,0.106784
3.538488,0.107810
3.590162,0.109653
3.627126,0.109187
3.643350,0.110435
3.651127,0.110111
3.654268,0.110362
3.655756,0.110477
3.656874,0.110186
3.659735,0.110619
3.665375,0.111149
3.677839,0.110524
3.691413,0.111670
3.707212,0.111722
3.728576,0.112021
3.755462,0.112721
3.795278,0.113801
3.833915,0.114133
3.871977,0.115649
3.914917,0.116660
3.953541,0.116820
3.990440,0.118027
4.016720,0.118438
4.029760,0.118538
4.035321,0.119091
4.039028,0.118488
4.040231,0.118807
4.041677,0.119265
4.058479,0.119507
4.092009,0.120423
4.140294,0.121299
4.193740,0.122129
4.243205,0.123653
4.292258,0.124221
4.330375,0.125650
4.351446,0.126131
4.361808,0.125710
4.366402,0.126111
4.368979,0.126198
4.370114,0.126101
4.370509,0.126487
4.370755,0.126255
4.371645,0.126524
4.381043,0.126576
4.401450,0.127171
4.444189,0.128041
4.510777,0.129706
4.571759,0.131079
4.621831,0.131963
4.661155,0.132769
4.683337,0.133028
4.694484,0.133360
4.699717,0.133377
4.702222,0.133566
4.703387,0.133773
4.709127,0.133399
4.744295,0.134283
4.799487,0.135733
4.850674,0.136826
4.900194,0.137922
4.945698,0.138987
4.988221,0.139896
5.019035,0.140210
5.035412,0.140497
5.043819,0.140554
5.048251,0.140546
5.050204,0.140992
5.051904,0.140634
5.057348,0.141264
5.079483,0.141430
5.115794,0.142088
5.166774,0.143365
5.221559,0.144844
5.270359,0.145811
5.316017,0.146538
5.357839,0.147504
5.383234,0.147703
5.396761,0.148356
5.403413,0.148585
5.407180,0.148592
5.409250,0.148219
5.413740,0.148804
5.431059,0.148951
5.458282,0.149267
5.498407,0.150306
5.545656,0.151598
5.590524,0.152049
5.636687,0.153119
5.679045,0.154372
5.715110,0.154775
5.739772,0.155490
5.753286,0.155627
5.760100,0.155884
5.763792,0.155879
5.765922,0.155864
5.768829,0.155851
5.779230,0.156205
5.803934,0.157022
5.842839,0.157564
5.891362,0.158571
5.938832,0.159338
5.981882,0.160647
6.021800,0.161295
6.054458,0.162037
6.080775,0.162271
6.098389,0.162575
6.107571,0.162946
6.112294,0.163103
6.115318,0.163100
6.121794,0.163474
6.138504,0.163409
6.164170,0.164664
6.205114,0.165304
6.247543,0.166101
6.290758,0.166788
6.334871,0.167545
6.384292,0.168900
6.432152,0.169659
6.462305,0.170551
6.480011,0.170698
6.489764,0.170850
6.495298,0.170929
6.498369,0.171131
6.501070,0.170989
6.505284,0.171079
6.516426,0.171604
6.536797,0.171878
6.567966,0.172658
6.595973,0.173041
6.618701,0.173671
6.633058,0.174184
6.640774,0.173997
6.645276,0.173968
6.647426,0.174204
6.648887,0.174062
6.649485,0.174222
6.649908,0.174022
6.649960,0.174142
6.650214,0.174137
6.650156,0.174222
6.650266,0.173833
6.650062,0.174246
6.649965,0.174147
6.650074,0.174122
6.650082,0.174022
6.650002,0.173935
6.649545,0.174172
6.649257,0.174715
6.649784,0.173848
6.649269,0.174264
