0.000024,-0.000624
0.000014,-0.000594
-0.000065,-0.000430
-0.000016,-0.000514
-0.000100,-0.000537
0.000007,-0.000616
-0.000207,-0.000654
-0.000008,-0.000579
-0.000095,-0.000437
0.000066,-0.000589
-0.000110,-0.000524
0.000014,-0.000497
0.000022,-0.000606
0.000196,-0.000619
-0.000045,-0.000577
-0.000023,-0.000614
-0.000127,-0.000534
-0.000108,-0.000552
0.000004,-0.000445
0.000091,-0.000614
0.000027,-0.000472
0.000007,-0.000577
-0.000048,-0.000460
0.000029,-0.000537
0.000089,-0.000589
-0.000078,-0.000534
0.000158,-0.000619
-0.000130,-0.000684
-0.000036,-0.000559
-0.001755,-0.000719
-0.006108,-0.001072
-0.006377,-0.001062
-0.006374,-0.000973
-0.006295,-0.001057
-0.006325,-0.000992
-0.006091,-0.001065
-0.006417,-0.001025
-0.006347,-0.000895
-0.006446,-0.001037
-0.006384,-0.001010
-0.006352,-0.000943
-0.006312,-0.001020
-0.006255,-0.001020
-0.006377,-0.001035
-0.006322,-0.001112
-0.006248,-0.000970
-0.006354,-0.001005
-0.006213,-0.001037
-0.006310,-0.001129
-0.006312,-0.001037
-0.006399,-0.000963
-0.006369,-0.000983
-0.006285,-0.000985
-0.006367,-0.001055
-0.006374,-0.000970
-0.006302,-0.000985
-0.006166,-0.000987
0.004387,-0.000315
0.016548,0.000910
0.029462,0.001963
0.039694,0.002987
0.049223,0.003806
0.066933,0.005773
0.085929,0.007626
0.100512,0.009178
0.121253,0.011222
0.142908,0.013784
0.165555,0.016310
0.189252,0.018847
0.214423,0.021723
0.232982,0.023828
0.237994,0.024276
0.239264,0.024453
0.239411,0.024440
0.239488,0.024599
0.245976,0.025374
0.264199,0.027294
0.295876,0.030857
0.328451,0.034839
0.361758,0.038487
0.389267,0.042163
0.414200,0.045263
0.435137,0.047711
0.451489,0.049703
0.468309,0.051902
0.483556,0.053909
0.494546,0.055271
0.502450,0.056253
0.512586,0.057503
0.528541,0.059716
0.549073,0.062558
0.558990,0.063818
0.561765,0.064293
0.562277,0.064495
0.562610,0.064336
0.562657,0.064229
0.562779,0.064371
0.570631,0.065297
0.593007,0.068482
0.618647,0.072008
0.647011,0.076055
0.672426,0.079449
0.693639,0.082607
0.718398,0.086125
0.737111,0.088899
0.756974,0.091663
0.781256,0.095172
0.803080,0.098240
0.824608,0.101662
0.840777,0.104149
0.846226,0.104899
0.847685,0.105275
0.848045,0.105228
0.848356,0.105285
0.852257,0.105681
0.887106,0.110908
0.937647,0.118538
0.968486,0.123386
0.993014,0.127234
1.018314,0.131121
1.046569,0.135596
1.068189,0.138905
1.077560,0.140377
1.080415,0.140915
1.081197,0.140995
1.082104,0.141144
1.085461,0.141306
1.089161,0.142033
1.099150,0.143569
1.111030,0.145517
1.121019,0.147071
1.126990,0.147927
1.130707,0.148652
1.132029,0.148722
1.132551,0.148918
1.132819,0.149008
1.132916,0.149045
1.132938,0.148891
1.133490,0.149155
1.133773,0.149113
1.136705,0.149534
1.149766,0.151401
1.173468,0.155266
1.186874,0.157634
1.194000,0.158496
1.200384,0.159624
1.206606,0.160418
1.211294,0.161260
1.216229,0.161975
1.222943,0.163133
1.233240,0.164555
1.244648,0.166624
1.255233,0.168337
1.268418,0.170187
1.289715,0.173562
1.319173,0.178111
1.334417,0.180397
1.348558,0.182746
1.365333,0.185403
1.388991,0.189123
1.414428,0.193199
1.432192,0.196028
1.443294,0.197856
1.450718,0.198705
1.458411,0.199936
1.467531,0.201248
1.477910,0.202986
1.485061,0.204368
1.492212,0.205367
1.497689,0.206238
1.505312,0.207523
1.516548,0.209095
1.528143,0.210932
1.541757,0.213141
1.558219,0.215564
1.573610,0.218029
1.589170,0.220415
1.602684,0.222557
1.614579,0.224482
1.631754,0.227046
1.648584,0.229786
1.655188,0.230844
1.657365,0.230986
1.658309,0.231225
1.659318,0.231347
1.660287,0.231504
1.662916,0.231950
1.670982,0.233200
1.684340,0.235165
1.698061,0.237381
1.711691,0.239470
1.726507,0.241639
1.741526,0.243997
1.758206,0.246694
1.773227,0.248766
1.789331,0.251286
1.807686,0.254083
1.827642,0.257210
1.846342,0.259935
1.859226,0.262071
1.877837,0.264624
1.902534,0.268434
1.927727,0.272194
1.948848,0.275546
1.967171,0.278235
1.983139,0.280427
1.997575,0.282611
2.013366,0.284984
2.031269,0.287823
2.044906,0.289802
2.056110,0.291471
2.067356,0.293094
2.082479,0.295219
2.097753,0.297251
2.108306,0.299054
2.115323,0.300326
2.122422,0.301765
2.130195,0.301952
2.139013,0.303489
2.145136,0.304686
2.150414,0.304831
2.158681,0.306288
2.172268,0.308459
2.194029,0.311415
2.223822,0.316002
2.243830,0.319000
2.261306,0.321281
2.283336,0.324339
2.316719,0.329265
2.345809,0.333301
2.364997,0.336095
2.380308,0.338279
2.395155,0.340179
2.410412,0.342413
2.427671,0.344672
2.447373,0.347533
2.469769,0.350673
2.490470,0.353455
2.509225,0.356010
2.526045,0.358465
2.541031,0.360335
2.555773,0.362380
2.571596,0.364447
2.585402,0.366329
2.597143,0.367771
2.610275,0.369589
2.624036,0.371546
2.637702,0.373167
2.649130,0.374861
2.659385,0.376036
2.668579,0.377201
2.686392,0.379565
2.713638,0.383220
2.730430,0.385322
2.745973,0.387386
2.766125,0.389837
2.790299,0.392927
2.812526,0.395686
2.826732,0.397716
2.837252,0.399071
2.846946,0.400214
2.857496,0.401474
2.870949,0.402945
2.893685,0.405714
2.916297,0.408568
2.933325,0.410653
2.948445,0.412431
2.966301,0.414440
2.985757,0.416940
3.002415,0.418930
3.015962,0.420479
3.026799,0.421672
3.034599,0.422498
3.039315,0.423111
3.045976,0.423851
3.057489,0.425101
3.076065,0.427145
3.101669,0.430243
3.127503,0.433159
3.153415,0.435983
3.180693,0.438979
3.204930,0.441471
3.226831,0.443747
3.245318,0.445732
3.260540,0.447358
3.273886,0.448930
3.286049,0.450155
3.297114,0.451246
3.310825,0.452697
3.328045,0.454433
3.346378,0.456268
3.360581,0.457810
3.369188,0.458691
3.376851,0.459296
3.384833,0.460180
3.394722,0.461094
3.408520,0.462372
3.425360,0.464003
3.443546,0.465821
3.461901,0.467454
3.478396,0.469108
3.493824,0.470480
3.508899,0.471999
3.523202,0.473142
3.535367,0.474295
3.552259,0.475814
3.577885,0.478167
3.609917,0.480956
3.638457,0.483539
3.662659,0.485464
3.686049,0.487428
3.705197,0.489049
3.723495,0.490536
3.744419,0.492481
3.766725,0.494052
3.783453,0.495499
3.794379,0.496366
3.800042,0.496801
3.802524,0.497018
3.803712,0.497175
3.804656,0.497075
3.806510,0.497327
3.807857,0.497382
3.808796,0.497521
3.810813,0.497621
3.816295,0.498109
3.825891,0.498634
3.841342,0.500024
3.859719,0.501461
3.880706,0.503020
3.905905,0.505141
3.933819,0.507029
3.961107,0.508931
3.979592,0.510331
3.995070,0.511504
4.014379,0.512824
4.034230,0.514221
4.057081,0.515742
4.081963,0.517530
4.107385,0.519263
4.131513,0.520991
4.152825,0.522369
4.174277,0.523686
4.197415,0.525240
4.223103,0.526990
4.248396,0.528497
4.273406,0.530004
4.294067,0.531602
4.311726,0.532631
4.325686,0.533502
4.342754,0.534503
4.366149,0.535940
4.389538,0.537462
4.410995,0.538774
4.432294,0.540066
4.456124,0.541359
4.484957,0.543065
4.517193,0.544970
4.541676,0.546342
4.558426,0.547311
4.573163,0.547965
4.587771,0.548954
4.611616,0.550269
4.639821,0.552005
4.663260,0.553182
4.685151,0.554465
4.706779,0.555595
4.724958,0.556562
4.741390,0.557481
4.757427,0.558230
4.773429,0.559266
4.790892,0.560140
4.814376,0.561487
4.837858,0.562805
4.857271,0.563865
4.873726,0.564500
4.889388,0.565499
4.904913,0.566077
4.919041,0.566849
4.930896,0.567456
4.944168,0.568079
4.960316,0.568873
4.979917,0.569869
5.002628,0.570925
5.025997,0.572240
5.047628,0.573433
5.066487,0.574342
5.085695,0.575261
5.108560,0.576344
5.137707,0.577880
5.165015,0.579061
5.189625,0.580366
5.213173,0.581501
5.235330,0.582418
5.256198,0.583436
5.276049,0.584455
5.294094,0.585219
5.309467,0.585896
5.321133,0.586546
5.328379,0.586927
5.332052,0.587117
5.333885,0.587062
5.335771,0.587199
5.341725,0.587532
5.353175,0.587908
5.361551,0.588359
5.366777,0.588516
5.369719,0.588745
5.372445,0.588783
5.376843,0.589052
5.385147,0.589263
5.396945,0.589896
5.408613,0.590556
5.422064,0.590966
5.435807,0.591781
5.448599,0.592354
5.460536,0.592847
5.470485,0.593220
5.480191,0.593765
5.489208,0.594194
5.497644,0.594674
5.506689,0.594889
5.514998,0.595235
5.522825,0.595646
5.531105,0.596012
5.541163,0.596505
5.551458,0.596913
5.560498,0.597336
5.568039,0.597767
5.574770,0.597919
5.581064,0.598196
5.588730,0.598562
5.597966,0.598935
5.609819,0.599583
5.621375,0.600121
5.629585,0.600387
5.633949,0.600539
5.636048,0.600631
5.637425,0.600758
5.638048,0.600743
5.638289,0.600790
5.638550,0.600765
5.639527,0.600865
5.642948,0.600845
5.649906,0.601371
5.661063,0.601831
5.677092,0.602456
5.695885,0.603318
5.715500,0.604135
5.734380,0.604964
5.752392,0.605659
5.766739,0.606329
5.778778,0.606817
5.789793,0.607347
5.798363,0.607683
5.806516,0.608012
5.812572,0.608216
5.816945,0.608515
5.821127,0.608513
5.825130,0.608839
5.829376,0.609013
5.834386,0.609257
5.840421,0.609307
5.847831,0.609673
5.856071,0.610074
5.865394,0.610393
5.874848,0.610861
5.884390,0.611336
5.892617,0.611526
5.899679,0.611832
5.906853,0.612295
5.914409,0.612641
5.921670,0.612928
5.928987,0.613219
5.936554,0.613563
5.943173,0.613824
5.949000,0.614088
5.956343,0.614330
5.965114,0.614736
5.973853,0.615114
5.984178,0.615430
5.994407,0.615958
6.001121,0.616287
6.004652,0.616439
6.006454,0.616481
6.007550,0.616499
6.008156,0.616621
6.008139,0.616543
6.008280,0.616586
6.008245,0.616499
6.008295,0.616521
6.008069,0.616680
6.008221,0.616481
6.007975,0.616521
6.008019,0.616466
6.006563,0.616471
6.001797,0.616299
5.995019,0.616018
5.986692,0.615742
5.977956,0.615480
5.968488,0.615057
5.957811,0.614609
5.945653,0.614140
5.933400,0.613772
5.921672,0.613393
5.910543,0.612763
5.899885,0.612567
5.890557,0.612178
5.882348,0.611914
5.873439,0.611533
5.863858,0.611429
5.854090,0.610938
5.842476,0.610298
5.831138,0.610091
5.819228,0.609646
5.805289,0.608981
5.791637,0.608620
5.776559,0.608022
5.758843,0.607429
5.738967,0.606655
5.718867,0.605990
5.699975,0.605273
5.685958,0.604867
5.674692,0.604252
5.663975,0.604018
5.652296,0.603440
5.637646,0.602984
5.621686,0.602441
5.606834,0.601901
5.592420,0.601321
5.578684,0.600815
5.564404,0.600190
5.550762,0.599834
5.538296,0.599339
5.528657,0.599022
5.521088,0.598584
5.514511,0.598499
5.508538,0.598118
5.503446,0.598021
5.498154,0.597854
5.492029,0.597451
5.481244,0.597267
5.464721,0.596467
5.445727,0.595780
5.426738,0.595170
5.408432,0.594440
5.392288,0.593731
5.377424,0.593412
5.362279,0.592608
5.340786,0.591913
5.316929,0.590949
5.292071,0.589965
5.268495,0.589076
5.242544,0.588113
5.219003,0.587251
5.193203,0.586325
5.166066,0.585222
5.141481,0.584255
5.117893,0.583339
5.094553,0.582375
5.070694,0.581451
5.049968,0.580405
5.031206,0.579902
5.014098,0.579178
4.996386,0.578371
4.976927,0.577716
4.956023,0.576932
4.931264,0.575968
4.898810,0.574514
4.870173,0.573269
4.845650,0.572248
4.823801,0.571336
4.802924,0.570405
4.779797,0.569576
4.754246,0.568482
4.729741,0.567412
4.708252,0.566635
4.688245,0.565673
4.669097,0.564959
4.648739,0.564314
4.629653,0.563240
4.605289,0.562317
4.580121,0.561184
4.564533,0.560616
4.551896,0.559841
4.534462,0.559164
4.514350,0.558210
4.494064,0.557174
4.474258,0.556355
4.456283,0.555556
4.439224,0.554769
4.423486,0.554169
4.408139,0.553407
4.392980,0.552804
4.381694,0.552348
4.372639,0.551800
4.361303,0.551277
4.347908,0.550720
4.329749,0.549885
4.302808,0.548533
4.281384,0.547527
4.263921,0.546867
4.242982,0.545904
4.216121,0.544626
4.185933,0.543319
4.155598,0.541812
4.128655,0.540482
4.106392,0.539377
4.087505,0.538475
4.068913,0.537521
4.050205,0.536600
4.032737,0.535885
4.015008,0.534962
3.997102,0.533958
3.974622,0.532942
3.951349,0.531510
3.926392,0.530355
3.897260,0.528868
3.868826,0.527327
3.841451,0.525887
3.818792,0.524704
3.799846,0.523778
3.782405,0.522735
3.762598,0.521823
3.742123,0.520673
3.722337,0.519584
3.698642,0.518372
3.672191,0.516790
3.644711,0.515184
3.612637,0.513339
3.584276,0.511780
3.562201,0.510580
3.541517,0.509213
3.524655,0.508379
3.514013,0.507661
3.507823,0.507442
3.503142,0.507111
3.497772,0.506670
3.490924,0.506222
3.480480,0.505664
3.466121,0.504765
3.448526,0.503782
3.431035,0.502723
3.413599,0.501618
3.397716,0.500517
3.385797,0.499820
3.377085,0.499277
3.369854,0.498794
3.363331,0.498365
3.357428,0.497977
3.350525,0.497688
3.342901,0.497093
3.334105,0.496398
3.322737,0.495793
3.306462,0.494712
3.283880,0.493228
3.266469,0.492035
3.250330,0.490922
3.236273,0.489834
3.220152,0.488848
3.201613,0.487408
3.179766,0.485959
3.158792,0.484505
3.134791,0.482762
3.108725,0.480804
3.078746,0.478640
3.049333,0.476192
3.028647,0.474790
3.008255,0.473017
2.982124,0.470988
2.954038,0.468769
2.927396,0.466605
2.901522,0.464297
2.872144,0.461792
2.835456,0.458634
2.805203,0.455728
2.779595,0.453527
2.752031,0.450822
2.720938,0.447996
2.691317,0.444963
2.664941,0.442477
2.643574,0.440503
2.620483,0.438067
2.594360,0.435403
2.573303,0.433087
2.552940,0.430838
2.525409,0.427830
2.500175,0.425038
2.484193,0.423265
2.471054,0.421814
2.456465,0.420315
2.443017,0.418669
2.433334,0.417476
2.424908,0.416612
2.414268,0.415302
2.400634,0.413681
2.384582,0.411908
2.367012,0.409724
2.348935,0.407378
2.329467,0.404965
2.309489,0.402654
2.289103,0.400052
2.269014,0.397387
2.248002,0.394720
2.225646,0.391724
2.210109,0.389755
2.198731,0.388246
2.185186,0.386256
2.169380,0.383997
2.147683,0.381094
2.125722,0.378200
2.104584,0.375117
2.087826,0.372906
2.074309,0.371023
2.063279,0.369591
2.049754,0.367689
2.031881,0.364942
2.012969,0.362243
1.995108,0.359665
1.981854,0.357835
1.969206,0.356007
1.952938,0.353602
1.931542,0.350484
1.906669,0.346734
1.887762,0.343845
1.870087,0.341111
1.855196,0.339034
1.844285,0.337470
1.833001,0.335797
1.822106,0.334153
1.811973,0.332629
1.801357,0.330956
1.790968,0.329392
1.777729,0.327452
1.761769,0.324894
1.747966,0.322815
1.736628,0.321122
1.724535,0.319222
1.715378,0.317902
1.709688,0.316988
1.705078,0.316181
1.698176,0.315205
1.686835,0.313312
1.674987,0.311666
1.663267,0.310307
1.646268,0.307087
1.623179,0.303491
1.598259,0.299698
1.574442,0.295883
1.543737,0.290955
1.512347,0.285967
1.493743,0.282837
1.477815,0.280377
1.464102,0.278188
1.450577,0.276091
1.437698,0.273890
1.427125,0.272254
1.419248,0.270889
1.414231,0.270048
1.408146,0.269121
1.397543,0.267567
1.382088,0.264975
1.365159,0.262263
1.347634,0.259506
1.331226,0.256747
1.309887,0.253348
1.288803,0.249837
1.273867,0.247494
1.260205,0.245008
1.242896,0.242364
1.215260,0.238173
1.175103,0.231135
1.140569,0.225371
1.120201,0.222014
1.110593,0.220303
1.098718,0.218331
1.082688,0.215661
1.064539,0.212870
1.047287,0.209874
1.032353,0.207568
1.009565,0.203599
0.979780,0.198661
0.958351,0.194995
0.940942,0.192241
0.923703,0.189210
0.902954,0.185659
0.876263,0.181177
0.847831,0.176381
0.821231,0.171896
0.795290,0.167550
0.773063,0.163534
0.754636,0.160515
0.741559,0.158446
0.731299,0.156698
0.710759,0.153102
0.681481,0.148099
0.657798,0.144053
0.636560,0.140297
0.616043,0.137070
0.588425,0.132286
0.559849,0.127256
0.534887,0.122963
0.511147,0.118879
0.491825,0.115619
0.476054,0.112917
0.462562,0.110587
0.446887,0.107890
0.428746,0.104692
0.412040,0.102050
0.396304,0.099159
0.377012,0.095859
0.349848,0.091272
0.318092,0.085894
0.299896,0.082649
0.291795,0.081202
0.285988,0.080383
0.273716,0.078109
0.261516,0.076149
0.250712,0.074282
0.239070,0.072444
0.221552,0.069115
0.198208,0.065382
0.173941,0.061029
0.152882,0.057388
0.137797,0.054885
0.127048,0.053150
0.116447,0.051222
0.105194,0.049382
0.088630,0.046426
0.070873,0.043548
0.058179,0.041259
0.044038,0.038704
0.027876,0.035995
0.015611,0.034042
0.001888,0.031684
-0.003830,0.030573
-0.005338,0.030302
-0.005624,0.030297
-0.005651,0.030315
-0.005731,0.030295
-0.005711,0.030130
-0.005773,0.030262
-0.005800,0.030143
-0.005957,0.030250
-0.005867,0.030202
-0.005984,0.030138
-0.005984,0.030028
-0.005967,0.030145
-0.006128,0.030175
-0.006021,0.030046
-0.006126,0.030292
-0.006036,0.030095
-0.006118,0.030183
-0.006074,0.030080
-0.006101,0.030165
-0.006059,0.030133
-0.006118,0.030011
-0.006096,0.030046
-0.006069,0.029976
-0.006036,0.030230
-0.006054,0.030165
-0.006106,0.030123
-0.006123,0.030135
-0.006156,0.030158
-0.006071,0.030098
-0.006265,0.030118
-0.006021,0.029996
-0.006051,0.030180
-0.006069,0.030058
-0.006158,0.030180
-0.006081,0.030178
-0.006059,0.030068
-0.006128,0.030145
-0.006285,0.030051
-0.006086,0.030001
-0.006176,0.030192
-0.006228,0.030168
-0.006151,0.030056
-0.006079,0.030068
-0.006228,0.030138
-0.006245,0.030160
-0.006300,0.030078
-0.006446,0.030041
-0.005599,0.030200
-0.003497,0.030272
-0.001996,0.030329
-0.001087,0.030514
-0.000761,0.030429
-0.000783,0.030683
-0.000550,0.030446
0.000163,0.030743
0.000422,0.030663
0.000439,0.030773
0.000496,0.030536
0.000474,0.030569
0.000504,0.030446
0.000578,0.030611
0.000501,0.030464
0.000481,0.030696
0.000446,0.030486
0.000079,0.030566
-0.000545,0.030514
-0.000711,0.030419
-0.000699,0.030551
-0.000644,0.030531
-0.000592,0.030658
-0.000637,0.030439
-0.000677,0.030491
-0.000627,0.030559
-0.000664,0.030566
-0.000595,0.030564
-0.000605,0.030489
-0.000555,0.030479
-0.000590,0.030446
-0.000622,0.030529
-0.000580,0.030469
-0.000607,0.030573
-0.000652,0.030633
-0.000577,0.030516
0.003550,0.030892
0.005826,0.031077
0.005752,0.031171
0.005799,0.031064
0.005781,0.031126
0.005829,0.031057
0.005762,0.031119
0.005786,0.030964
0.005804,0.031022
0.005771,0.031109
0.005806,0.031039
0.005844,0.030912
0.005814,0.031057
0.005799,0.031047
0.005888,0.030989
0.005851,0.030994
0.005714,0.031169
0.005853,0.030997
0.005794,0.031101
0.005861,0.031119
0.005744,0.031074
0.004934,0.031004
0.000302,0.030564
-0.005189,0.030252
-0.008491,0.029909
-0.011421,0.029562
-0.017884,0.028561
-0.032761,0.026006
-0.048892,0.023342
-0.065488,0.020468
-0.079144,0.017839
-0.090995,0.015869
-0.104758,0.013344
-0.120151,0.010592
-0.137622,0.007688
-0.159970,0.003724
-0.180480,0.000058
-0.199007,-0.003064
-0.215501,-0.005607
-0.231376,-0.008373
-0.246032,-0.010737
-0.259405,-0.013369
-0.275782,-0.016086
-0.292622,-0.018957
-0.308569,-0.021609
-0.320738,-0.023738
-0.330540,-0.025369
-0.340191,-0.027025
-0.349556,-0.028504
-0.362905,-0.030810
-0.381558,-0.034097
-0.396631,-0.036608
-0.409184,-0.038734
-0.433068,-0.042910
-0.455573,-0.046837
-0.472828,-0.049609
-0.499455,-0.054213
-0.522770,-0.058175
-0.542793,-0.061629
-0.561580,-0.064822
-0.577655,-0.067486
-0.594787,-0.070347
-0.613076,-0.073453
-0.635354,-0.077290
-0.659186,-0.081511
-0.678148,-0.084666
-0.692873,-0.087007
-0.710830,-0.090090
-0.722236,-0.092194
-0.727238,-0.092996
-0.731415,-0.093726
-0.733743,-0.094224
-0.735482,-0.094418
-0.741883,-0.095406
-0.754563,-0.097655
-0.771403,-0.100377
-0.788463,-0.103310
-0.809626,-0.106891
-0.830926,-0.110462
-0.852149,-0.114086
-0.873528,-0.117719
-0.895484,-0.121447
-0.914451,-0.124841
-0.926987,-0.126808
-0.942472,-0.129380
-0.963091,-0.132777
-0.980788,-0.135765
-0.997968,-0.138666
-1.018261,-0.142113
-1.040344,-0.145851
-1.057452,-0.148734
-1.075290,-0.151583
-1.096749,-0.155279
-1.116838,-0.158528
-1.136491,-0.162005
-1.149071,-0.164126
-1.158171,-0.165636
-1.166130,-0.166958
-1.171370,-0.167854
-1.172898,-0.168176
-1.173273,-0.168088
-1.173596,-0.168245
-1.173510,-0.168228
-1.173539,-0.168385
-1.173400,-0.168395
-1.173331,-0.168337
-1.173927,-0.168407
-1.178087,-0.168823
-1.187278,-0.170384
-1.190963,-0.171027
-1.192322,-0.171293
-1.192578,-0.171415
-1.195890,-0.171851
-1.204393,-0.173153
-1.212568,-0.174603
-1.217033,-0.175477
-1.218909,-0.175828
-1.223367,-0.176622
-1.230345,-0.177733
-1.242669,-0.179708
-1.258875,-0.182283
-1.273916,-0.184997
-1.287649,-0.187109
-1.301743,-0.189509
-1.324628,-0.193190
-1.348144,-0.197239
-1.369196,-0.200561
-1.384646,-0.203270
-1.395776,-0.205133
-1.403089,-0.206600
-1.411905,-0.207857
-1.426458,-0.210176
-1.448628,-0.213622
-1.471918,-0.217753
-1.489284,-0.220637
-1.504899,-0.223015
-1.521932,-0.225846
-1.540029,-0.228872
-1.558794,-0.231900
-1.575512,-0.234714
-1.592863,-0.237550
-1.611107,-0.240374
-1.628314,-0.243288
-1.645089,-0.246152
-1.662866,-0.248923
-1.694502,-0.253931
-1.724332,-0.259063
-1.744859,-0.262253
-1.767103,-0.266091
-1.799761,-0.271320
-1.832451,-0.276507
-1.860649,-0.280967
-1.881834,-0.284359
-1.900761,-0.287621
-1.917260,-0.290206
-1.933553,-0.292644
-1.951506,-0.295431
-1.969822,-0.298543
-1.985528,-0.301118
-1.998462,-0.303083
-2.011914,-0.305267
-2.027601,-0.307717
-2.043832,-0.310145
-2.057063,-0.312267
-2.068546,-0.313920
-2.079737,-0.315746
-2.093001,-0.317823
-2.108636,-0.320340
-2.124841,-0.322970
-2.142546,-0.325627
-2.158409,-0.328301
-2.171074,-0.330122
-2.183232,-0.331917
-2.194657,-0.333576
-2.204435,-0.335157
-2.214397,-0.336728
-2.224445,-0.338352
-2.235256,-0.340160
-2.248220,-0.342132
-2.264165,-0.344418
-2.280068,-0.346911
-2.292477,-0.348960
-2.305293,-0.350828
-2.319805,-0.353012
-2.334020,-0.355071
-2.348949,-0.357549
-2.366636,-0.360306
-2.387846,-0.363276
-2.407084,-0.366197
-2.422455,-0.368526
-2.432354,-0.370224
-2.440638,-0.371307
-2.451375,-0.372841
-2.459789,-0.374189
-2.469129,-0.375426
-2.484615,-0.377573
-2.507102,-0.381236
-2.533782,-0.385068
-2.560881,-0.389147
-2.586137,-0.392671
-2.607585,-0.395684
-2.624380,-0.398115
-2.636998,-0.400010
-2.647966,-0.401436
-2.662207,-0.403488
-2.684140,-0.406634
-2.701849,-0.409308
-2.714790,-0.411004
-2.731326,-0.413220
-2.758115,-0.416958
-2.790261,-0.421692
-2.816782,-0.425260
-2.835356,-0.427768
-2.853370,-0.430169
-2.872831,-0.432943
-2.892814,-0.435520
-2.911433,-0.437931
-2.928335,-0.440209
-2.945159,-0.442552
-2.964146,-0.444933
-2.982508,-0.447339
-2.998483,-0.449475
-3.008266,-0.450725
-3.013402,-0.451644
-3.032895,-0.453724
-3.066488,-0.458086
-3.084880,-0.460333
-3.098080,-0.462116
-3.113351,-0.464043
-3.139066,-0.467131
-3.168521,-0.470739
-3.193968,-0.473583
-3.217999,-0.476447
-3.237818,-0.478663
-3.255318,-0.480675
-3.267196,-0.482256
-3.276844,-0.483295
-3.285630,-0.484216
-3.298328,-0.485613
-3.312009,-0.487214
-3.322403,-0.488245
-3.340294,-0.490290
-3.358299,-0.492302
-3.378369,-0.494493
-3.393866,-0.496075
-3.407150,-0.497389
-3.426532,-0.499466
-3.451934,-0.502372
-3.474123,-0.504631
-3.490729,-0.506215
-3.505742,-0.507612
-3.520107,-0.509347
-3.536825,-0.510747
-3.557178,-0.512856
-3.580754,-0.515087
-3.606114,-0.517490
-3.638821,-0.520618
-3.677833,-0.524139
-3.713453,-0.527272
-3.738306,-0.529593
-3.759561,-0.531640
-3.779260,-0.533366
-3.798351,-0.534860
-3.819206,-0.536483
-3.841577,-0.538403
-3.863515,-0.540161
-3.885163,-0.541875
-3.905901,-0.543695
-3.926940,-0.545358
-3.948369,-0.546885
-3.969788,-0.548541
-3.992251,-0.550299
-4.029379,-0.553307
-4.064544,-0.555845
-4.093358,-0.557797
-4.118961,-0.559620
-4.141754,-0.561146
-4.161941,-0.562631
-4.179278,-0.563883
-4.194514,-0.564837
-4.209495,-0.565990
-4.222913,-0.566777
-4.234930,-0.567661
-4.246586,-0.568296
-4.257122,-0.569162
-4.268271,-0.569957
-4.276021,-0.570495
-4.281928,-0.570818
-4.288624,-0.571269
-4.295567,-0.571780
-4.303627,-0.572367
-4.311961,-0.572788
-4.319722,-0.573249
-4.329619,-0.574031
-4.340512,-0.574551
-4.351241,-0.575380
-4.361948,-0.575968
-4.373448,-0.576685
-4.386078,-0.577373
-4.402227,-0.578590
-4.423050,-0.579913
-4.442578,-0.581088
-4.457902,-0.582136
-4.469834,-0.582779
-4.479214,-0.583426
-4.486375,-0.583842
-4.490987,-0.584161
-4.496764,-0.584422
-4.503973,-0.584893
-4.509899,-0.585309
-4.515055,-0.585546
-4.518911,-0.585663
-4.521930,-0.585979
-4.525163,-0.586198
-4.528152,-0.586220
-4.532227,-0.586504
-4.540557,-0.586977
-4.555863,-0.588073
-4.572720,-0.589104
-4.592432,-0.590170
-4.614318,-0.591500
-4.635176,-0.592795
-4.656160,-0.593935
-4.677629,-0.595237
-4.694018,-0.596171
-4.705545,-0.596881
-4.713542,-0.597255
-4.720444,-0.597471
-4.728465,-0.598049
-4.738596,-0.598495
-4.748242,-0.599137
-4.760149,-0.599762
-4.773093,-0.600512
-4.787224,-0.601329
-4.801385,-0.602163
-4.816015,-0.602860
-4.830685,-0.603704
-4.847813,-0.604496
-4.863624,-0.605383
-4.878498,-0.606217
-4.891044,-0.606844
-4.901120,-0.607462
-4.911954,-0.608007
-4.923771,-0.608697
-4.940402,-0.609349
-4.973448,-0.611255
-5.001290,-0.612838
-5.028138,-0.614193
-5.054348,-0.615772
-5.074532,-0.616641
-5.090664,-0.617448
-5.103555,-0.617861
-5.113986,-0.618558
-5.124062,-0.618909
-5.135211,-0.619572
-5.149989,-0.620229
-5.170327,-0.621325
-5.197699,-0.622500
-5.223112,-0.623945
-5.243932,-0.625055
-5.260754,-0.625979
-5.276361,-0.626597
-5.292003,-0.627339
-5.309732,-0.628078
-5.327369,-0.629102
-5.344375,-0.629792
-5.360854,-0.630641
-5.375294,-0.631298
-5.388252,-0.631896
-5.400865,-0.632596
-5.412859,-0.633161
-5.424692,-0.633592
-5.437295,-0.634269
-5.450464,-0.634790
-5.467421,-0.635552
-5.482347,-0.636206
-5.496905,-0.636896
-5.511486,-0.637499
-5.529190,-0.638176
-5.545809,-0.639003
-5.561851,-0.639518
-5.583590,-0.640584
-5.608150,-0.641750
-5.632216,-0.642900
-5.654554,-0.643914
-5.672648,-0.644733
-5.687622,-0.645209
-5.700819,-0.646005
-5.712055,-0.646384
-5.722792,-0.646852
-5.734135,-0.647417
-5.745789,-0.647739
-5.757977,-0.648473
-5.770841,-0.648794
-5.783747,-0.649579
-5.794250,-0.649965
-5.803158,-0.650465
-5.810806,-0.650650
-5.818032,-0.651105
-5.826637,-0.651449
-5.834835,-0.651798
-5.843805,-0.652271
-5.855888,-0.652749
-5.868712,-0.653302
-5.881032,-0.653740
-5.893575,-0.654288
-5.907220,-0.654970
-5.921462,-0.655565
-5.937365,-0.656243
-5.953432,-0.656898
-5.967936,-0.657403
-5.980675,-0.657886
-5.992931,-0.658457
-6.003151,-0.658972
-6.010307,-0.659301
-6.016472,-0.659301
-6.020403,-0.659699
-6.022589,-0.659709
-6.023864,-0.659682
-6.024224,-0.659719
-6.023946,-0.659609
-6.023332,-0.659816
-6.022130,-0.659632
-6.019260,-0.659570
-6.013393,-0.659410
-6.004572,-0.658999
-5.995311,-0.658815
-5.987203,-0.658397
-5.979122,-0.658227
-5.969859,-0.657921
-5.958844,-0.657605
-5.946698,-0.657099
-5.932341,-0.656626
-5.916229,-0.656103
-5.901345,-0.655672
-5.887736,-0.654995
-5.875980,-0.654664
-5.861139,-0.654171
-5.842160,-0.653449
-5.825106,-0.652759
-5.809852,-0.652191
-5.792113,-0.651539
-5.772404,-0.650802
-5.753566,-0.650127
-5.735708,-0.649412
-5.717907,-0.648857
-5.700108,-0.648182
-5.680970,-0.647410
-5.664329,-0.646892
-5.651547,-0.646434
-5.641390,-0.646078
-5.634449,-0.645876
-5.627455,-0.645525
-5.621556,-0.645328
-5.617389,-0.645276
-5.613719,-0.645002
-5.609328,-0.644860
-5.603573,-0.644603
-5.597128,-0.644392
-5.591244,-0.644193
-5.586749,-0.644023
-5.583180,-0.643894
-5.577764,-0.643752
-5.569462,-0.643338
-5.562368,-0.643137
-5.556156,-0.642918
-5.548184,-0.642701
-5.536039,-0.642091
-5.522293,-0.641575
-5.501964,-0.640930
-5.466710,-0.639518
-5.432820,-0.638360
-5.404542,-0.637476
-5.379324,-0.636393
-5.357582,-0.635661
-5.339264,-0.635183
-5.321721,-0.634356
-5.305764,-0.633803
-5.291881,-0.633313
-5.278326,-0.632792
-5.262213,-0.632130
-5.240130,-0.631405
-5.210265,-0.630118
-5.186095,-0.629284
-5.167419,-0.628554
-5.148649,-0.627994
-5.129181,-0.627142
-5.108092,-0.626186
-5.087451,-0.625416
-5.067995,-0.624595
-5.048345,-0.623838
-5.028128,-0.623086
-5.007798,-0.622249
-4.985482,-0.621308
-4.953666,-0.620045
-4.924261,-0.618867
-4.903746,-0.618147
-4.884710,-0.617433
-4.861845,-0.616474
-4.837958,-0.615600
-4.814894,-0.614532
-4.790489,-0.613453
-4.765678,-0.612592
-4.740005,-0.611364
-4.713892,-0.610258
-4.691414,-0.609305
-4.667568,-0.608264
-4.640115,-0.607088
-4.617248,-0.606179
-4.596803,-0.605320
-4.577401,-0.604491
-4.555540,-0.603567
-4.526189,-0.602213
-4.494655,-0.600701
-4.470199,-0.599707
-4.448465,-0.598881
-4.426894,-0.597907
-4.405524,-0.597053
-4.385621,-0.595962
-4.365606,-0.595143
-4.344947,-0.594202
-4.321685,-0.593098
-4.299788,-0.592224
-4.282735,-0.591415
-4.268291,-0.590658
-4.253573,-0.589943
-4.230972,-0.588920
-4.199362,-0.587314
-4.162463,-0.585700
-4.125404,-0.583974
-4.091569,-0.582403
-4.061448,-0.580747
-4.034622,-0.579422
-4.009416,-0.578174
-3.989493,-0.577198
-3.968792,-0.576232
-3.950255,-0.575321
-3.927710,-0.574155
-3.898206,-0.572808
-3.873795,-0.571414
-3.852903,-0.570482
-3.827170,-0.568933
-3.800125,-0.567596
-3.769957,-0.566015
-3.739407,-0.564324
-3.708560,-0.562558
-3.684917,-0.561430
-3.663175,-0.560158
-3.639569,-0.558823
-3.620797,-0.557837
-3.600796,-0.556771
-3.579089,-0.555583
-3.561494,-0.554503
-3.536892,-0.553200
-3.502149,-0.551049
-3.469996,-0.549061
-3.442019,-0.547353
-3.414952,-0.545742
-3.387550,-0.544051
-3.360592,-0.542263
-3.334740,-0.540707
-3.308719,-0.538959
-3.284947,-0.537417
-3.264855,-0.536132
-3.242402,-0.534678
-3.223634,-0.533363
-3.208574,-0.532472
-3.191995,-0.531217
-3.170512,-0.529668
-3.140423,-0.527561
-3.112678,-0.525591
-3.084917,-0.523430
-3.058611,-0.521632
-3.034637,-0.519682
-3.012975,-0.517988
-2.993332,-0.516395
-2.973499,-0.515102
-2.956766,-0.513628
-2.944918,-0.512654
-2.931948,-0.511646
-2.921072,-0.510769
-2.908449,-0.509753
-2.896127,-0.508675
-2.882885,-0.507584
-2.869415,-0.506382
-2.858154,-0.505517
-2.844572,-0.504427
-2.828227,-0.502781
-2.808105,-0.500995
-2.784700,-0.498936
-2.762913,-0.496829
-2.742526,-0.495079
-2.722041,-0.493101
-2.699436,-0.490947
-2.679081,-0.488910
-2.655187,-0.486572
-2.624134,-0.483325
-2.588544,-0.479931
-2.551618,-0.476123
-2.516567,-0.472353
-2.486525,-0.469028
-2.459374,-0.465931
-2.425625,-0.462153
-2.392351,-0.458084
-2.373002,-0.455865
-2.357907,-0.453990
-2.341837,-0.452145
-2.322936,-0.449714
-2.298781,-0.446674
-2.270566,-0.442978
-2.237913,-0.438660
-2.202797,-0.434096
-2.172299,-0.430161
-2.141892,-0.425920
-2.122061,-0.423186
-2.098053,-0.419784
-2.060403,-0.414358
-2.021506,-0.408912
-1.983292,-0.403102
-1.937855,-0.396431
-1.901638,-0.391065
-1.866113,-0.385805
-1.828980,-0.380180
-1.792317,-0.374575
-1.761816,-0.369960
-1.735698,-0.365864
-1.704128,-0.360916
-1.674671,-0.356433
-1.656659,-0.353555
-1.637441,-0.350673
-1.616743,-0.347434
-1.598221,-0.344351
-1.579495,-0.341457
-1.557346,-0.337856
-1.532125,-0.333660
-1.501052,-0.328899
-1.466166,-0.323279
-1.432464,-0.317935
-1.402828,-0.312867
-1.374826,-0.308367
-1.350833,-0.304393
-1.328102,-0.300770
-1.305821,-0.297169
-1.282290,-0.293189
-1.251771,-0.288403
-1.227335,-0.284083
-1.212079,-0.281607
-1.199443,-0.279501
-1.181198,-0.276622
-1.158578,-0.272757
-1.144109,-0.270334
-1.134702,-0.268880
-1.125262,-0.267037
-1.114249,-0.265553
-1.101674,-0.263349
-1.085627,-0.260622
-1.066379,-0.257415
-1.046993,-0.253983
-1.028653,-0.250858
-1.014005,-0.248619
-1.004610,-0.246951
-0.998929,-0.245945
-0.992998,-0.244715
-0.982626,-0.243348
-0.961463,-0.239513
-0.937515,-0.235501
-0.920633,-0.232752
-0.896997,-0.228862
-0.879584,-0.225734
-0.873792,-0.224696
-0.871404,-0.224255
-0.869741,-0.223914
-0.865907,-0.223326
-0.856773,-0.221907
-0.840821,-0.219200
-0.815322,-0.214730
-0.791130,-0.210524
-0.774615,-0.207870
-0.759580,-0.205230
-0.751696,-0.203840
-0.748443,-0.203255
-0.745817,-0.202760
-0.743565,-0.202396
-0.742880,-0.202085
-0.741150,-0.201990
-0.731362,-0.200297
-0.709434,-0.196761
-0.691213,-0.193329
-0.677715,-0.191068
-0.663361,-0.188553
-0.644491,-0.185455
-0.609430,-0.179441
-0.578740,-0.173975
-0.551065,-0.169314
-0.519182,-0.163825
-0.488042,-0.158284
-0.464720,-0.154260
-0.447254,-0.151252
-0.427967,-0.147890
-0.403472,-0.143781
-0.385795,-0.140512
-0.374554,-0.138791
-0.363345,-0.136739
-0.352290,-0.134896
-0.335835,-0.132033
-0.295171,-0.125229
-0.251242,-0.117403
-0.234194,-0.114469
-0.217705,-0.111531
-0.191515,-0.107198
-0.159729,-0.101749
-0.132953,-0.096975
-0.113616,-0.093589
-0.099850,-0.091278
-0.087327,-0.088969
-0.073345,-0.086656
-0.059696,-0.084569
-0.045170,-0.081907
-0.032239,-0.079691
-0.022503,-0.077948
-0.015260,-0.076615
-0.005959,-0.075226
0.002144,-0.073831
0.004459,-0.073316
0.005056,-0.073298
0.005192,-0.073266
0.005401,-0.073149
0.005399,-0.073122
0.005588,-0.073271
0.005491,-0.073144
0.005612,-0.073064
0.005704,-0.073104
0.005647,-0.073154
0.005709,-0.073219
0.005684,-0.073052
0.005704,-0.073154
0.005834,-0.073074
0.005677,-0.073059
0.005670,-0.073179
0.005759,-0.073109
0.005759,-0.073052
0.005814,-0.073092
0.005839,-0.073204
0.005789,-0.073171
0.005762,-0.073094
0.005732,-0.073012
0.005754,-0.073074
0.005816,-0.073054
0.005911,-0.073122
0.005853,-0.072912
0.005866,-0.073176
0.005719,-0.073092
0.005749,-0.073094
0.003955,-0.073189
0.002514,-0.073356
0.001408,-0.073435
0.000951,-0.073478
0.000653,-0.073400
0.000615,-0.073508
0.000126,-0.073592
-0.000508,-0.073550
-0.000540,-0.073669
-0.000572,-0.073654
-0.000540,-0.073552
-0.000500,-0.073610
-0.000567,-0.073649
-0.000523,-0.073632
-0.000505,-0.073717
-0.000485,-0.073490
-0.000552,-0.073727
-0.000602,-0.073625
-0.000388,-0.073590
0.000578,-0.073585
0.000608,-0.073595
0.000606,-0.073572
0.000645,-0.073620
0.000660,-0.073664
0.000610,-0.073657
0.000603,-0.073545
0.000551,-0.073535
0.000755,-0.073674
0.000663,-0.073465
0.000573,-0.073547
0.000727,-0.073590
0.000583,-0.073535
0.000615,-0.073702
0.000658,-0.073610
0.000593,-0.073463
0.000596,-0.073674
0.000643,-0.073562
0.000695,-0.073612
0.000578,-0.073625
0.000678,-0.073605
-0.002806,-0.073911
-0.005992,-0.074070
-0.006069,-0.074138
-0.006116,-0.074118
-0.006061,-0.074180
-0.006064,-0.074058
-0.006019,-0.074148
-0.006044,-0.074073
-0.006051,-0.074135
-0.006012,-0.074063
-0.006094,-0.074192
-0.005959,-0.074309
-0.006051,-0.074103
-0.005351,-0.074040
-0.001606,-0.073821
-0.000073,-0.073767
0.000263,-0.073704
0.000128,-0.073684
0.000205,-0.073714
0.000633,-0.073739
0.010652,-0.072589
0.031365,-0.069299
0.049797,-0.066087
0.063481,-0.063801
0.073030,-0.062075
0.084888,-0.059981
0.102237,-0.057002
0.118204,-0.054278
0.138212,-0.050894
0.154587,-0.047948
0.173220,-0.044835
0.189426,-0.042059
0.198869,-0.040291
0.206979,-0.038841
0.211827,-0.038184
0.215258,-0.037472
0.216998,-0.037031
0.218156,-0.036879
0.219569,-0.036677
0.223376,-0.036057
0.228388,-0.035325
0.231293,-0.034585
0.233954,-0.034269
0.237241,-0.033766
0.238243,-0.033495
0.238782,-0.033325
0.239301,-0.033256
0.239875,-0.033353
0.244117,-0.032608
0.255316,-0.030663
0.269054,-0.028397
0.279938,-0.026462
0.286195,-0.025379
0.288866,-0.024846
0.289452,-0.024602
0.289547,-0.024694
0.289616,-0.024605
0.289686,-0.024602
0.288888,-0.024642
0.288610,-0.024662
0.291346,-0.024366
0.298355,-0.023432
0.313915,-0.020837
0.336303,-0.016865
0.359266,-0.012948
0.378326,-0.009696
0.397725,-0.006147
0.417164,-0.002636
0.432215,-0.000447
0.461247,0.004588
0.477622,0.007546
0.484602,0.008737
0.490319,0.009720
0.496678,0.010781
0.505154,0.012178
0.517270,0.014477
0.531373,0.016935
0.544737,0.019385
0.559824,0.021995
0.577472,0.024921
0.602076,0.029104
0.631501,0.034294
0.668284,0.040472
0.716067,0.048804
0.749935,0.054502
0.776574,0.058935
0.800444,0.062921
0.820382,0.066453
0.841336,0.069911
0.864266,0.073998
0.889842,0.078196
0.915950,0.082554
0.936015,0.086073
0.960334,0.090122
0.984841,0.094311
1.006708,0.097700
1.028750,0.101552
1.048910,0.105118
1.068557,0.108136
1.086396,0.111339
1.108714,0.115059
1.133170,0.119086
1.153873,0.122555
1.174554,0.126111
1.190087,0.128680
1.199919,0.130334
1.210050,0.132119
1.221572,0.134037
1.240481,0.137140
1.263781,0.141102
1.286134,0.144685
1.305128,0.147905
1.318497,0.150007
1.329161,0.151966
1.336370,0.152997
1.347696,0.154975
1.363750,0.157921
1.379871,0.160291
1.391746,0.162117
1.403835,0.164251
1.415757,0.166218
1.426042,0.167926
1.437278,0.169734
1.450962,0.171916
1.469891,0.175083
1.489126,0.178243
1.506584,0.181134
1.522510,0.183732
1.538047,0.186294
1.555861,0.189248
1.573557,0.192144
1.594912,0.195558
1.616788,0.199099
1.643689,0.203439
1.686579,0.210728
1.728582,0.217504
1.765964,0.223563
1.795662,0.228421
1.819412,0.232313
1.838351,0.235232
1.853986,0.237974
1.868206,0.240016
1.883706,0.242568
1.902705,0.245571
1.925061,0.249214
1.942857,0.252071
1.955552,0.254192
1.962614,0.255520
1.966307,0.255878
1.968506,0.256401
1.969601,0.256516
1.970076,0.256590
1.970113,0.256762
1.971194,0.256810
1.977282,0.257611
1.987181,0.259138
2.001988,0.261384
2.021889,0.264708
2.039005,0.267216
2.055874,0.269973
2.078021,0.273447
2.100136,0.276975
2.127345,0.281273
2.159791,0.286361
2.186481,0.290522
2.204983,0.293451
2.227788,0.296979
2.256025,0.301163
2.288788,0.306285
2.321247,0.311285
2.349372,0.315479
2.377774,0.319927
2.406747,0.324274
2.435918,0.328553
2.464866,0.333010
2.494957,0.337597
2.523339,0.341639
2.552570,0.345855
2.579247,0.349876
2.603457,0.353106
2.623576,0.356229
2.641929,0.359045
2.660374,0.361446
2.678856,0.364158
2.698347,0.366939
2.722144,0.370328
2.744231,0.373424
2.769151,0.376855
2.802405,0.381537
2.838639,0.386375
2.873359,0.391211
2.908822,0.395853
2.940725,0.400283
2.969842,0.404076
2.996315,0.407316
3.017150,0.410299
3.032693,0.411828
3.042706,0.413387
3.049167,0.414258
3.055173,0.414971
3.059963,0.414981
3.061412,0.415842
3.062202,0.415830
3.062764,0.416365
3.064968,0.415663
3.067229,0.416268
3.077531,0.417301
3.101895,0.421012
3.129501,0.424032
3.152453,0.426981
3.171305,0.429252
3.188142,0.430614
3.204843,0.433022
3.223407,0.434917
3.241243,0.437487
3.258053,0.438904
3.272079,0.440752
3.285115,0.442281
3.301847,0.444171
3.339544,0.448108
3.371780,0.451778
3.399232,0.454689
3.433053,0.458298
3.467517,0.461941
3.500975,0.465221
3.528743,0.467878
3.551700,0.470141
3.570147,0.471882
3.585956,0.473553
3.601421,0.474898
3.614660,0.476011
3.631428,0.477716
3.651562,0.479507
3.671162,0.481335
3.691031,0.483075
3.713886,0.485105
3.737698,0.487179
3.762521,0.489269
3.784857,0.491223
3.805705,0.492914
3.824445,0.494438
3.842542,0.495885
3.859672,0.497220
3.878067,0.498734
3.899884,0.500589
3.930072,0.502900
3.967600,0.505734
4.000867,0.508212
4.035522,0.510819
4.064672,0.512995
4.091025,0.514940
4.112201,0.516412
4.125443,0.517301
4.131853,0.517712
4.135630,0.518011
4.140732,0.518347
4.149267,0.518927
4.163219,0.519841
4.181209,0.521054
4.198123,0.522184
4.208311,0.522896
4.214242,0.523282
4.221955,0.523820
4.238725,0.524814
4.257697,0.526057
4.274253,0.527249
4.291276,0.528372
4.309055,0.529411
4.331575,0.531007
4.354763,0.532484
4.377221,0.534005
4.399351,0.535348
4.419604,0.536583
4.439140,0.537741
4.463262,0.539342
4.494576,0.541217
4.532559,0.543471
4.568425,0.545465
4.602305,0.547477
4.630629,0.549103
4.654973,0.550471
4.679068,0.551905
4.700408,0.553063
4.722821,0.554355
4.743894,0.555399
4.762613,0.556602
4.782198,0.557685
4.802983,0.558820
4.824924,0.559986
4.848706,0.561216
4.871512,0.562478
4.893348,0.563761
4.913473,0.564819
4.928523,0.565643
4.940545,0.565982
4.949463,0.566495
4.957094,0.566946
4.964163,0.567290
4.968171,0.567611
4.970519,0.567656
4.972306,0.567825
4.973603,0.567768
4.975146,0.567867
4.978229,0.567882
4.981167,0.568096
4.984178,0.568288
4.986201,0.568385
4.987135,0.568472
4.987674,0.568480
4.987838,0.568512
4.988121,0.568540
4.988365,0.568380
4.988705,0.568527
4.989073,0.568547
4.991073,0.568614
4.996953,0.568873
5.005567,0.569336
5.018498,0.569964
5.036245,0.570870
5.056302,0.571984
5.079190,0.573206
5.111229,0.574802
5.136306,0.575958
5.156110,0.576889
5.172855,0.577848
5.187893,0.578620
5.208301,0.579499
5.230515,0.580602
5.251325,0.581646
5.269755,0.582567
5.283461,0.583219
5.294357,0.583917
5.303193,0.584069
5.311465,0.584611
5.319240,0.584898
5.326702,0.585164
5.333165,0.585550
5.339886,0.585747
5.348692,0.586098
5.365380,0.587069
5.387679,0.587961
5.402789,0.588705
5.411071,0.589066
5.415767,0.589124
5.418130,0.589383
5.419204,0.589435
5.419422,0.589487
5.419552,0.589415
5.419790,0.589594
5.419877,0.589467
5.419900,0.589470
5.419733,0.589574
5.419890,0.589537
5.419897,0.589604
5.419860,0.589619
5.419775,0.589577
5.419972,0.589348
5.419820,0.589413
5.419755,0.589532
5.419731,0.589472
5.419790,0.589475
5.419696,0.589385
5.419445,0.589574
5.419639,0.589440
5.419497,0.589487
5.419611,0.589271
5.419609,0.589500
5.419432,0.589425
5.419293,0.589487
5.419494,0.589355
5.419380,0.589442
5.419398,0.589447
5.419171,0.589348
5.419147,0.589487
5.419104,0.589343
5.419166,0.589410
5.418948,0.589415
5.418886,0.589520
5.418809,0.589437
5.418819,0.589522
5.418712,0.589510
5.418565,0.589318
5.418727,0.589350
5.418831,0.589413
5.418689,0.589323
5.418642,0.589310
5.418548,0.589425
5.418371,0.589325
5.418419,0.589475
5.418272,0.589398
5.418225,0.589333
5.418230,0.589423
5.418192,0.589477
5.418125,0.589325
5.418175,0.589355
5.418163,0.589301
5.417999,0.589176
5.417959,0.589313
5.417939,0.589320
5.417802,0.589335
5.417842,0.589231
5.417686,0.589293
5.417658,0.589198
5.417691,0.589291
5.417539,0.589281
5.417464,0.589268
5.417385,0.589208
5.417484,0.589340
5.417400,0.589288
5.417221,0.589271
5.417238,0.589315
5.417318,0.589308
5.417042,0.589415
5.417054,0.589395
5.416995,0.589193
5.417067,0.589256
5.416913,0.589159
5.416704,0.589188
5.416875,0.589164
5.416791,0.589179
5.416652,0.589206
5.416637,0.589198
5.416664,0.589203
5.416513,0.589243
5.416361,0.589159
5.416431,0.589056
5.416207,0.589164
5.416130,0.589059
5.416145,0.589174
5.415956,0.589054
5.415849,0.589196
5.415904,0.589056
5.415939,0.589069
5.415986,0.589261
5.415961,0.589171
5.415737,0.589066
5.415728,0.589236
5.415655,0.589069
5.415665,0.589144
5.415728,0.589061
5.415611,0.589052
5.415539,0.588989
5.415315,0.589091
5.415208,0.589047
5.415275,0.589071
5.415139,0.589034
5.415049,0.588942
5.415069,0.589114
5.414865,0.589039
5.414965,0.589096
5.415017,0.589009
5.414823,0.589074
