-0.000028,-0.000455
-0.000041,-0.000343
0.000024,-0.000457
-0.000018,-0.000325
-0.000003,-0.000445
-0.000177,-0.000392
0.000074,-0.000487
-0.000063,-0.000534
0.000059,-0.000574
-0.000038,-0.000357
-0.000031,-0.000380
-0.000068,-0.000315
-0.000185,-0.000440
-0.000095,-0.000442
-0.000053,-0.000330
-0.000068,-0.000415
0.000143,-0.000514
-0.000103,-0.000300
-0.000192,-0.000365
-0.000132,-0.000290
-0.000105,-0.000484
-0.000058,-0.000432
-0.000152,-0.000223
-0.000078,-0.000330
-0.000038,-0.000333
0.000029,-0.000370
0.000007,-0.000402
-0.000060,-0.000397
-0.000105,-0.000313
-0.000026,-0.000447
-0.000098,-0.000330
-0.000105,-0.000397
0.000017,-0.000380
-0.000001,-0.000295
-0.000026,-0.000390
-0.000125,-0.000323
0.000009,-0.000340
-0.000192,-0.000345
0.000014,-0.000387
-0.000075,-0.000415
-0.000150,-0.000390
-0.000048,-0.000348
0.000046,-0.000345
-0.000038,-0.000273
0.000009,-0.000360
-0.000043,-0.000400
-0.000093,-0.000370
0.000019,-0.000300
0.000056,-0.000303
-0.000063,-0.000275
0.000004,-0.000338
0.000007,-0.000250
-0.000185,-0.000283
0.000079,-0.000305
0.000032,-0.000405
-0.000132,-0.000320
-0.000078,-0.000173
-0.000045,-0.000310
-0.000157,-0.000328
-0.005890,-0.003993
-0.006414,-0.004566
-0.006039,-0.004424
-0.005525,-0.004135
-0.005129,-0.003958
-0.005045,-0.003866
-0.004941,-0.003816
-0.004782,-0.003769
-0.004794,-0.003849
-0.004826,-0.003782
-0.004811,-0.003772
-0.004565,-0.003692
-0.004811,-0.003754
-0.004754,-0.003674
-0.004727,-0.003777
-0.004784,-0.003699
-0.004744,-0.003652
-0.004680,-0.003679
-0.004799,-0.003704
-0.004814,-0.003657
-0.004774,-0.003739
-0.004645,-0.003679
-0.004729,-0.003749
-0.004635,-0.003871
-0.004732,-0.003664
-0.004789,-0.003789
-0.004083,-0.003567
0.000610,-0.000273
0.004837,0.005669
0.008090,0.011949
0.010639,0.017839
0.013397,0.025028
0.016396,0.035014
0.019987,0.046842
0.024385,0.059293
0.027901,0.072417
0.032018,0.088127
0.036379,0.106010
0.040892,0.125398
0.045193,0.144528
0.049345,0.162328
0.052829,0.178201
0.056134,0.193456
0.059230,0.207324
0.062005,0.219653
0.064689,0.231536
0.067638,0.245183
0.071706,0.262126
0.076293,0.282070
0.081864,0.304333
0.087850,0.328906
0.094325,0.353365
0.100500,0.377336
0.106488,0.399317
0.112290,0.418855
0.118112,0.439250
0.124272,0.458828
0.130561,0.478882
0.137208,0.498659
0.143554,0.517211
0.150303,0.535990
0.157486,0.555421
0.165189,0.575579
0.173844,0.596497
0.183155,0.618436
0.193263,0.641214
0.204598,0.665573
0.216523,0.689885
0.227543,0.711849
0.237530,0.731223
0.245978,0.747185
0.253008,0.759791
0.258695,0.769961
0.263329,0.778335
0.267770,0.785754
0.272434,0.793620
0.279486,0.805135
0.288955,0.820659
0.301014,0.839186
0.314835,0.860077
0.329087,0.880583
0.344111,0.901663
0.359188,0.921722
0.373906,0.940620
0.387495,0.957387
0.399040,0.971459
0.408234,0.982381
0.415276,0.990467
0.420360,0.996177
0.423997,1.000398
0.426929,1.003212
0.430840,1.007111
0.438116,1.015685
0.450736,1.028913
0.466835,1.045560
0.485563,1.064080
0.505740,1.083103
0.527159,1.102148
0.549038,1.120899
0.570276,1.138288
0.587935,1.152219
0.600821,1.161749
0.608912,1.167718
0.614421,1.171685
0.617758,1.174063
0.621214,1.176583
0.629680,1.182383
0.643918,1.192356
0.660425,1.203218
0.679349,1.215246
0.700365,1.227787
0.721424,1.240006
0.742848,1.251733
0.760928,1.261183
0.772706,1.267319
0.779703,1.270735
0.783681,1.272847
0.785808,1.273759
0.787530,1.274610
0.794085,1.277564
0.807997,1.284305
0.826159,1.292238
0.844636,1.300396
0.863486,1.307947
0.881747,1.315303
0.901590,1.323057
0.921588,1.330259
0.937454,1.335907
0.946650,1.338888
0.951088,1.340329
0.953071,1.340937
0.953965,1.341243
0.955207,1.341786
0.959317,1.342969
0.968611,1.346181
0.983022,1.350128
1.000518,1.355438
1.019711,1.361003
1.039189,1.366250
1.058675,1.371405
1.078842,1.376575
1.098666,1.381308
1.115259,1.385039
1.124498,1.387053
1.128866,1.388112
1.130600,1.388216
1.131440,1.388408
1.133073,1.388764
1.141526,1.390756
1.158211,1.394190
1.177138,1.398080
1.197002,1.401848
1.217169,1.405563
1.236351,1.409271
1.254359,1.412312
1.271400,1.415195
1.286072,1.417656
1.293721,1.418973
1.297311,1.419454
1.298713,1.419613
1.299205,1.419608
1.300864,1.419919
1.309631,1.421117
1.325201,1.423498
1.343151,1.426399
1.364692,1.429559
1.387403,1.432804
1.411525,1.436260
1.437671,1.439609
1.457286,1.442212
1.466651,1.443487
1.470550,1.443890
1.472050,1.444034
1.472699,1.444246
1.472992,1.444097
1.475288,1.444438
1.485754,1.445773
1.507553,1.448412
1.532812,1.451273
1.557128,1.454254
1.579886,1.456742
1.601661,1.459023
1.622975,1.461722
1.637854,1.463466
1.644941,1.463921
1.647334,1.464955
1.649255,1.463774
1.649148,1.464392
1.650639,1.464584
1.658878,1.465241
1.679679,1.467313
1.707856,1.470274
1.737269,1.473021
1.767296,1.475884
1.792531,1.478255
1.806486,1.479306
1.812805,1.480040
1.815489,1.480100
1.816458,1.480304
1.817693,1.480481
1.827413,1.481288
1.850211,1.483250
1.879410,1.485688
1.909320,1.488238
1.937826,1.490624
1.957786,1.492404
1.968038,1.493112
1.972504,1.493567
1.974427,1.493555
1.975162,1.493831
1.975503,1.493809
1.980472,1.494157
1.998641,1.495574
2.025115,1.497604
2.053645,1.499803
2.083344,1.501997
2.112558,1.504263
2.131017,1.505573
2.139945,1.506083
2.143864,1.506417
2.145566,1.506556
2.146299,1.506651
2.148967,1.506853
2.159212,1.507326
2.180201,1.509061
2.206938,1.510812
2.237091,1.512889
2.267339,1.515013
2.295894,1.516888
2.316349,1.518372
2.327118,1.518751
2.332066,1.519187
2.334247,1.519433
2.334990,1.519565
2.337589,1.519680
2.351417,1.520516
2.375127,1.521898
2.403899,1.523724
2.429880,1.525208
2.452631,1.526717
2.465704,1.527526
2.471955,1.527736
2.474925,1.528069
2.476257,1.528057
2.477671,1.528102
2.485985,1.528714
2.504273,1.529842
2.529220,1.531194
2.554936,1.532763
2.579719,1.534310
2.602378,1.535433
2.624140,1.536855
2.643952,1.537789
2.655168,1.538429
2.660433,1.538775
2.663119,1.538946
2.664392,1.538971
2.667003,1.539163
2.677869,1.539704
2.697748,1.540739
2.720874,1.542072
2.744472,1.543287
2.766706,1.544522
2.788851,1.545715
2.806148,1.546427
2.816753,1.547042
2.822115,1.547351
2.824687,1.547605
2.825686,1.547682
2.827393,1.547510
2.836005,1.547894
2.855625,1.549024
2.880627,1.550279
2.905657,1.551587
2.932209,1.552899
2.958702,1.554249
2.981399,1.555235
2.994936,1.555925
3.001575,1.556194
3.004990,1.556438
3.006846,1.556343
3.008719,1.556682
3.016300,1.557008
3.033093,1.557763
3.058552,1.558928
3.086961,1.560432
3.117892,1.561692
3.142258,1.562738
3.155760,1.563443
3.162703,1.563679
3.166159,1.563821
3.168087,1.563869
3.171551,1.564267
3.183538,1.564755
3.203024,1.565527
3.225653,1.566518
3.250693,1.567524
3.276408,1.568732
3.301204,1.569736
3.318173,1.570495
3.327585,1.570841
3.332532,1.571025
3.335042,1.571170
3.336175,1.571274
3.338744,1.571312
3.348788,1.571685
3.369096,1.572577
3.394553,1.573690
3.423243,1.574935
3.452454,1.576013
3.477290,1.576937
3.492124,1.577620
3.500033,1.577953
3.504354,1.578075
3.506752,1.578103
3.508576,1.578304
3.515750,1.578536
3.533399,1.579186
3.559336,1.580242
3.591069,1.581522
3.622763,1.582592
3.644197,1.583551
3.655977,1.583905
3.662572,1.584288
3.665877,1.584316
3.667751,1.584465
3.668906,1.584448
3.669517,1.584495
3.672725,1.584567
3.686185,1.585050
3.704956,1.585725
3.725532,1.586572
3.748529,1.587364
3.770246,1.588121
3.789911,1.588708
3.810495,1.589570
3.826547,1.590041
3.836253,1.590504
3.841762,1.590825
3.844766,1.590703
3.846672,1.590793
3.847546,1.590845
3.848014,1.591064
3.848344,1.590726
3.851584,1.591112
3.863752,1.591398
3.879235,1.591983
3.898393,1.592611
3.916825,1.593303
3.932142,1.593813
3.945440,1.594316
3.957790,1.594675
3.973054,1.595268
3.986991,1.595733
3.995288,1.595977
4.000096,1.596182
4.002700,1.596134
4.004149,1.596284
4.006231,1.596264
4.015413,1.596585
4.031422,1.597265
4.047484,1.597800
4.059208,1.598094
4.069224,1.598585
4.079571,1.598811
4.092119,1.599222
4.107835,1.599795
4.125435,1.600196
4.142367,1.600893
4.158063,1.601431
4.172423,1.601740
4.181097,1.602153
4.186164,1.602415
4.189111,1.602355
4.190644,1.602552
4.191745,1.602477
4.192247,1.602614
4.193914,1.602514
4.198277,1.602698
4.203371,1.602853
4.208102,1.603010
4.211685,1.603075
4.213668,1.603197
4.214940,1.603197
4.215974,1.603388
4.217018,1.603366
4.217979,1.603336
4.218327,1.603112
4.218621,1.603321
4.219232,1.603341
4.220101,1.603224
4.220728,1.603523
4.221023,1.603294
4.221157,1.603413
4.221413,1.603411
4.223985,1.603475
4.228259,1.603657
4.230274,1.603946
4.231474,1.603438
4.232463,1.603378
4.233104,1.604056
4.233249,1.603592
4.233929,1.604083
4.233467,1.603687
4.233915,1.603909
4.233708,1.603560
4.233308,1.603299
4.233527,1.603876
4.234031,1.604165
4.233614,1.603749
4.233457,1.603483
4.233840,1.604053
4.234352,1.603911
4.233959,1.603762
4.231415,1.603635
4.224552,1.603832
4.213474,1.603234
4.202360,1.603109
4.192920,1.603020
4.185973,1.602497
4.181455,1.602626
4.178262,1.602788
4.175753,1.602878
4.173086,1.602210
4.171921,1.602806
4.169548,1.602422
4.166328,1.602161
4.163010,1.602176
4.158995,1.601695
4.152440,1.601717
4.142523,1.601538
4.129299,1.601177
4.112139,1.600983
4.094549,1.600796
4.076887,1.599785
4.063004,1.600191
4.053309,1.598966
4.048471,1.599115
4.045924,1.599277
4.044232,1.598978
4.043715,1.599491
4.043337,1.599723
4.042952,1.599638
4.042306,1.599528
4.042241,1.599165
4.042072,1.598953
4.041486,1.598732
4.032108,1.598819
4.005128,1.597833
3.972845,1.596891
3.948606,1.596341
3.935474,1.596446
3.927870,1.596304
3.923793,1.596555
3.921273,1.596406
3.912658,1.595484
3.885368,1.595332
3.858224,1.594082
3.838114,1.593881
3.824311,1.593333
3.816673,1.592984
3.812786,1.593398
3.810299,1.593510
3.804636,1.592972
3.783068,1.592073
3.756048,1.591580
3.731136,1.590743
3.713851,1.590031
3.704319,1.589966
3.698913,1.589490
3.695774,1.589700
3.686138,1.589159
3.658291,1.588616
3.626764,1.587852
3.604624,1.586719
3.592771,1.586500
3.585908,1.586188
3.582862,1.586559
3.580486,1.586246
3.567814,1.585832
3.534185,1.584918
3.505254,1.584415
3.486255,1.583785
3.476211,1.583462
3.471212,1.583549
3.468248,1.583262
3.464138,1.582289
3.447395,1.582211
3.421496,1.581905
3.395381,1.579928
3.378248,1.579637
3.368323,1.578812
3.363945,1.579866
3.360640,1.578720
3.350676,1.579313
3.318396,1.578147
3.281149,1.577179
3.255168,1.575809
3.243027,1.576330
3.234661,1.574676
3.231465,1.575274
3.227109,1.574748
3.212111,1.574684
3.186035,1.573740
3.159756,1.572549
3.141458,1.572290
3.131424,1.571556
3.126700,1.571870
3.123455,1.571080
3.119149,1.570752
3.103922,1.570642
3.079454,1.570403
3.055379,1.569223
3.038592,1.568993
3.028635,1.567671
3.024721,1.567721
3.021896,1.567066
3.019747,1.567900
3.004279,1.566914
2.979808,1.565990
2.955562,1.565427
2.935693,1.563874
2.925195,1.564142
2.918973,1.563149
2.916167,1.562967
2.914965,1.564309
2.899206,1.563385
2.869354,1.561421
2.846580,1.561184
2.833731,1.560464
2.827229,1.559785
2.824466,1.560288
2.821991,1.559568
2.808439,1.559155
2.780114,1.558106
2.747879,1.556637
2.723110,1.555726
2.709956,1.555088
2.702814,1.554348
2.699413,1.554971
2.687823,1.554353
2.669036,1.553442
2.647798,1.552578
2.627169,1.552008
2.610031,1.550723
2.598678,1.549712
2.590317,1.549077
2.583439,1.549707
2.578365,1.549318
2.575406,1.549398
2.571822,1.547874
2.570339,1.549562
2.565350,1.547279
2.556238,1.548399
2.541274,1.547866
2.528873,1.546798
2.516302,1.545187
2.505789,1.546153
2.494160,1.545409
2.486052,1.544637
2.480789,1.544657
2.473295,1.543830
2.462605,1.543324
2.451118,1.542961
2.440195,1.542428
2.431736,1.542097
2.424498,1.541579
2.417570,1.541539
2.407917,1.540602
2.396830,1.540251
2.384696,1.539696
2.372817,1.538849
2.361811,1.538448
2.349179,1.537644
2.331964,1.536969
2.316367,1.536018
2.305650,1.535503
2.297977,1.534977
2.286864,1.534347
2.261363,1.533037
2.239864,1.531867
2.229545,1.531252
2.222505,1.530876
2.215486,1.530388
2.208337,1.530029
2.202309,1.529683
2.195143,1.529354
2.187079,1.528876
2.180154,1.528490
2.173324,1.528087
2.164696,1.527581
2.155284,1.526986
2.146421,1.526600
2.135853,1.525980
2.125138,1.525245
2.113005,1.524491
2.098173,1.523699
2.080829,1.522528
2.059378,1.521224
2.037824,1.519959
2.022729,1.518935
2.010561,1.518345
1.997200,1.517364
1.982028,1.516303
1.969025,1.515489
1.956795,1.514630
1.947837,1.513935
1.942216,1.513711
1.937070,1.513524
1.932302,1.513043
1.927466,1.512799
1.922517,1.512411
1.912508,1.511656
1.898451,1.510603
1.887951,1.509933
1.879353,1.509303
1.871347,1.508665
1.864211,1.508277
1.857842,1.507879
1.851911,1.507388
1.845932,1.506975
1.839042,1.506614
1.829282,1.505762
1.816482,1.504771
1.803775,1.504041
1.792412,1.503020
1.783146,1.502545
1.773021,1.501730
1.761593,1.500729
1.747074,1.499721
1.733269,1.498503
1.720226,1.497666
1.708093,1.496556
1.695408,1.495515
1.682738,1.494469
1.668847,1.493408
1.652927,1.492006
1.635201,1.490579
1.617827,1.489185
1.601273,1.487775
1.584896,1.486249
1.570198,1.485058
1.556810,1.483798
1.543285,1.482660
1.530272,1.481288
1.518521,1.480327
1.509805,1.479522
1.500944,1.478785
1.492011,1.477779
1.481041,1.476801
1.469814,1.475717
1.459547,1.474751
1.446042,1.473292
1.428368,1.471574
1.411886,1.469855
1.396132,1.468152
1.381837,1.466598
1.368136,1.465381
1.355309,1.463847
1.342637,1.462365
1.330041,1.460998
1.317702,1.459755
1.306666,1.458540
1.298444,1.457295
1.288684,1.456314
1.277942,1.455203
1.260740,1.452656
1.239393,1.450155
1.225490,1.448253
1.215755,1.447045
1.204762,1.445576
1.189865,1.443611
1.171339,1.441041
1.154042,1.438444
1.141084,1.436601
1.127857,1.434484
1.110831,1.432144
1.090481,1.428570
1.073852,1.425898
1.060906,1.423804
1.046390,1.421204
1.030082,1.418318
1.014975,1.415601
1.001000,1.413009
0.989177,1.410551
0.978445,1.408484
0.965897,1.405693
0.948834,1.402281
0.933262,1.398810
0.923459,1.396549
0.916186,1.394893
0.909224,1.393105
0.902726,1.391546
0.896792,1.390101
0.890212,1.388386
0.881642,1.386371
0.872284,1.383856
0.862196,1.381206
0.848979,1.377929
0.834644,1.373449
0.821992,1.369759
0.812825,1.366691
0.803500,1.363745
0.794100,1.360844
0.787018,1.358483
0.781042,1.356481
0.775290,1.354611
0.769838,1.352718
0.764988,1.350990
0.759295,1.349040
0.753416,1.346814
0.746836,1.344319
0.740172,1.341746
0.732795,1.339097
0.722853,1.335277
0.709492,1.329559
0.695289,1.323436
0.681677,1.317258
0.667613,1.310843
0.654709,1.304645
0.644087,1.299580
0.635922,1.295214
0.629143,1.291890
0.620054,1.287285
0.605272,1.279103
0.587297,1.269042
0.570611,1.259094
0.555429,1.249760
0.540580,1.240073
0.527057,1.230969
0.514429,1.222303
0.504493,1.215495
0.496402,1.209364
0.488346,1.203397
0.478380,1.195675
0.467444,1.187104
0.456327,1.178072
0.445416,1.169045
0.434714,1.159622
0.424867,1.151342
0.415397,1.142614
0.405674,1.133552
0.396587,1.125060
0.387575,1.115729
0.378965,1.107161
0.370194,1.098089
0.361077,1.088544
0.352109,1.078872
0.343229,1.068963
0.334278,1.058860
0.326550,1.049462
0.318167,1.039686
0.309226,1.028664
0.299851,1.016766
0.290548,1.004549
0.282045,0.993308
0.273090,0.980690
0.263153,0.967173
0.253641,0.952581
0.244196,0.938531
0.236168,0.925843
0.229285,0.914806
0.222837,0.904298
0.217055,0.894486
0.211563,0.885193
0.206412,0.876009
0.200715,0.866292
0.194828,0.855188
0.188604,0.843703
0.181952,0.831033
0.174706,0.816742
0.165811,0.798845
0.156952,0.780190
0.147970,0.760047
0.139069,0.739510
0.130159,0.718276
0.121735,0.697403
0.113244,0.675345
0.105151,0.653628
0.097071,0.631024
0.090002,0.609954
0.083573,0.589350
0.076812,0.568510
0.070593,0.547457
0.064095,0.524764
0.057619,0.501436
0.051872,0.479437
0.046577,0.458178
0.041903,0.439121
0.037731,0.421816
0.034213,0.405871
0.031012,0.391478
0.028110,0.378452
0.025424,0.365993
0.023066,0.354926
0.020785,0.344139
0.018685,0.334850
0.016961,0.325766
0.015296,0.317782
0.013810,0.310025
0.012483,0.303063
0.011444,0.296790
0.010279,0.290923
0.009270,0.285273
0.008366,0.280046
0.007322,0.275317
0.006534,0.270725
0.005789,0.266551
0.005001,0.262701
0.004271,0.259150
0.003751,0.255699
0.003128,0.252472
0.002638,0.249593
0.002047,0.246879
0.001537,0.244436
0.001254,0.242008
0.000988,0.239913
0.000409,0.238021
0.000007,0.236253
-0.000157,0.234313
-0.000500,0.232560
-0.000858,0.231113
-0.001208,0.229572
-0.001449,0.228252
-0.001564,0.226974
-0.002021,0.225831
-0.002078,0.224870
-0.002317,0.223871
-0.002468,0.222736
-0.002540,0.222066
-0.002692,0.221199
-0.002771,0.220495
-0.002978,0.219670
-0.003117,0.219167
-0.003258,0.218527
-0.003154,0.217878
-0.003452,0.217484
-0.003465,0.216956
-0.003502,0.216500
-0.002938,0.216794
-0.001539,0.217452
-0.000982,0.217778
-0.000793,0.217942
-0.000729,0.217977
-0.000503,0.218069
0.000109,0.218652
0.000305,0.218605
0.000310,0.218637
0.000387,0.218657
0.000501,0.218727
0.000504,0.218734
0.000327,0.218577
0.000287,0.218600
0.000432,0.218620
0.000350,0.218702
0.000213,0.218771
0.000404,0.218677
0.000382,0.218776
0.000392,0.218774
0.000414,0.218717
0.000225,0.218672
-0.000793,0.218283
-0.000697,0.218278
-0.000873,0.218483
-0.000674,0.218326
-0.000764,0.218450
-0.000774,0.218273
-0.000687,0.218316
-0.000803,0.218493
-0.000647,0.218321
-0.000644,0.218333
-0.000699,0.218331
-0.000796,0.218313
-0.000831,0.218460
-0.000801,0.218453
-0.000771,0.218366
-0.000664,0.218408
-0.000754,0.218410
-0.000652,0.218483
-0.000833,0.218405
-0.000863,0.218547
-0.000657,0.218478
0.002703,0.221264
0.003982,0.222507
0.004797,0.222943
0.004671,0.222828
0.004400,0.222738
0.004278,0.222791
0.004204,0.222616
0.004231,0.222704
0.004136,0.222659
0.004266,0.222828
0.004032,0.222676
0.004320,0.222728
0.003985,0.222808
0.004151,0.222781
0.004156,0.222766
0.004189,0.222728
0.004074,0.222778
0.004206,0.222913
0.004144,0.222771
0.004154,0.222738
0.004037,0.222843
0.004122,0.222848
0.004109,0.222823
0.004228,0.222801
0.004141,0.222903
0.004206,0.222634
0.003816,0.222753
0.002720,0.222153
-0.000175,0.220261
-0.002719,0.217651
-0.004108,0.214384
-0.005100,0.209570
-0.006379,0.203158
-0.007950,0.195436
-0.009841,0.185896
-0.011513,0.175880
-0.013449,0.165882
-0.015168,0.155498
-0.016811,0.145955
-0.018180,0.136786
-0.019698,0.128110
-0.021241,0.119639
-0.022700,0.110798
-0.023798,0.101988
-0.025383,0.092792
-0.027291,0.082903
-0.029376,0.071645
-0.031511,0.060556
-0.033685,0.049345
-0.035822,0.036211
-0.037926,0.020374
-0.040526,0.000175
-0.043808,-0.021524
-0.047239,-0.044676
-0.051168,-0.069349
-0.055216,-0.095516
-0.060407,-0.124457
-0.066291,-0.156357
-0.072532,-0.188795
-0.079400,-0.223366
-0.086967,-0.259601
-0.095591,-0.299193
-0.105630,-0.341848
-0.116146,-0.385148
-0.126952,-0.426745
-0.137334,-0.465756
-0.147787,-0.501712
-0.158045,-0.536366
-0.168319,-0.569006
-0.177779,-0.598353
-0.187490,-0.626559
-0.196967,-0.652764
-0.205929,-0.676533
-0.213955,-0.697498
-0.221688,-0.716899
-0.228879,-0.734067
-0.235196,-0.749633
-0.241303,-0.763342
-0.246827,-0.776162
-0.252194,-0.788197
-0.257718,-0.800013
-0.263145,-0.811542
-0.268775,-0.823047
-0.274309,-0.834694
-0.280106,-0.845741
-0.285582,-0.856663
-0.291335,-0.867607
-0.296963,-0.878298
-0.302387,-0.888435
-0.307700,-0.897781
-0.312282,-0.906138
-0.316764,-0.913788
-0.321222,-0.921906
-0.326627,-0.931013
-0.332386,-0.940762
-0.338191,-0.950073
-0.343980,-0.959720
-0.350647,-0.969992
-0.357918,-0.981417
-0.366572,-0.994511
-0.376976,-1.009263
-0.388066,-1.025330
-0.398631,-1.040067
-0.408668,-1.053430
-0.418008,-1.065310
-0.426588,-1.076287
-0.435426,-1.087339
-0.445709,-1.099436
-0.455283,-1.110640
-0.465572,-1.122384
-0.475991,-1.133886
-0.486313,-1.145030
-0.496068,-1.154971
-0.505212,-1.164471
-0.514379,-1.173774
-0.523269,-1.182199
-0.531256,-1.189774
-0.538325,-1.196311
-0.544830,-1.202115
-0.550597,-1.207449
-0.555903,-1.211942
-0.560606,-1.216295
-0.565216,-1.220115
-0.569604,-1.223947
-0.573731,-1.227398
-0.577083,-1.230230
-0.580244,-1.232787
-0.583131,-1.235200
-0.586719,-1.237994
-0.591962,-1.242280
-0.597322,-1.246847
-0.603097,-1.251317
-0.608620,-1.255339
-0.613056,-1.258558
-0.616331,-1.261211
-0.618838,-1.263008
-0.621598,-1.265392
-0.624868,-1.267693
-0.627915,-1.270111
-0.631244,-1.272085
-0.634114,-1.274205
-0.636704,-1.276030
-0.638532,-1.277502
-0.639770,-1.278505
-0.640776,-1.279237
-0.641437,-1.279800
-0.642570,-1.280320
-0.644948,-1.282006
-0.650850,-1.285993
-0.660853,-1.293384
-0.674237,-1.302399
-0.689990,-1.312581
-0.706092,-1.322495
-0.723389,-1.332702
-0.739351,-1.341958
-0.754220,-1.350308
-0.767424,-1.357129
-0.778693,-1.362918
-0.788831,-1.368165
-0.797155,-1.372289
-0.803114,-1.374891
-0.808439,-1.377586
-0.816572,-1.381393
-0.830526,-1.387738
-0.845023,-1.394188
-0.856160,-1.399119
-0.864707,-1.402715
-0.873667,-1.406383
-0.884258,-1.410626
-0.897601,-1.415783
-0.914975,-1.422397
-0.942392,-1.432390
-0.968823,-1.441315
-0.992861,-1.449169
-1.014554,-1.455788
-1.030899,-1.460627
-1.043651,-1.464273
-1.056085,-1.467786
-1.069913,-1.471571
-1.085716,-1.475611
-1.102091,-1.479809
-1.116958,-1.483602
-1.129198,-1.486520
-1.139030,-1.488829
-1.146825,-1.490592
-1.153261,-1.492071
-1.162425,-1.493939
-1.169029,-1.495505
-1.172774,-1.496207
-1.174086,-1.496586
-1.174705,-1.496553
-1.175468,-1.496730
-1.178410,-1.497298
-1.182241,-1.498291
-1.185193,-1.498765
-1.187087,-1.499278
-1.189253,-1.499703
-1.193882,-1.500655
-1.201879,-1.502383
-1.211671,-1.504218
-1.222520,-1.506482
-1.233756,-1.508723
-1.246131,-1.511129
-1.261017,-1.513950
-1.273369,-1.516042
-1.286223,-1.518268
-1.299561,-1.520649
-1.314985,-1.523435
-1.332721,-1.526247
-1.347961,-1.528879
-1.358409,-1.530378
-1.365394,-1.531728
-1.371459,-1.532532
-1.380551,-1.533874
-1.393669,-1.535884
-1.407030,-1.537739
-1.418204,-1.539529
-1.425266,-1.540433
-1.429033,-1.541034
-1.431140,-1.541273
-1.433642,-1.541601
-1.437290,-1.542256
-1.442247,-1.542759
-1.448074,-1.543795
-1.454619,-1.544582
-1.465291,-1.546064
-1.481596,-1.548322
-1.498001,-1.550583
-1.515327,-1.552785
-1.532828,-1.554971
-1.551800,-1.557185
-1.577676,-1.560432
-1.607519,-1.564001
-1.629211,-1.566469
-1.646416,-1.568498
-1.662935,-1.570383
-1.679626,-1.572094
-1.693628,-1.573660
-1.701614,-1.574574
-1.705082,-1.574751
-1.706663,-1.575060
-1.707726,-1.575147
-1.710688,-1.575379
-1.714756,-1.575842
-1.719507,-1.576248
-1.725672,-1.576870
-1.734368,-1.577742
-1.750942,-1.579460
-1.773278,-1.581731
-1.787081,-1.582904
-1.794526,-1.583940
-1.799123,-1.584164
-1.804132,-1.584662
-1.810409,-1.585237
-1.819110,-1.585979
-1.830021,-1.587147
-1.842557,-1.588288
-1.857543,-1.589682
-1.870563,-1.590848
-1.878880,-1.591874
-1.884963,-1.592347
-1.890802,-1.592788
-1.895526,-1.593191
-1.902103,-1.593896
-1.912676,-1.594785
-1.925085,-1.595788
-1.935290,-1.596685
-1.945140,-1.597377
-1.955358,-1.598176
-1.965366,-1.599310
-1.977070,-1.600301
-1.988328,-1.601190
-1.996491,-1.601770
-2.004862,-1.602475
-2.011976,-1.603122
-2.016332,-1.603408
-2.019418,-1.603809
-2.022373,-1.603926
-2.026053,-1.604273
-2.029999,-1.604492
-2.034476,-1.605069
-2.040415,-1.605468
-2.046379,-1.605938
-2.051592,-1.606329
-2.057851,-1.606808
-2.063332,-1.607181
-2.067972,-1.607557
-2.072919,-1.607858
-2.078291,-1.608232
-2.086881,-1.609116
-2.105060,-1.610530
-2.125917,-1.612179
-2.138861,-1.613075
-2.150830,-1.614047
-2.164174,-1.614931
-2.178262,-1.616056
-2.191255,-1.617003
-2.204475,-1.617931
-2.217167,-1.618649
-2.230612,-1.619866
-2.245658,-1.620698
-2.256266,-1.621530
-2.265000,-1.622167
-2.275811,-1.622912
-2.290464,-1.624055
-2.307348,-1.625213
-2.323502,-1.626229
-2.336361,-1.627105
-2.348368,-1.627952
-2.357815,-1.628423
-2.370500,-1.629431
-2.388107,-1.630522
-2.399878,-1.631311
-2.406935,-1.631745
-2.415040,-1.632387
-2.426910,-1.633082
-2.440698,-1.633891
-2.454904,-1.634793
-2.466878,-1.635527
-2.474777,-1.636055
-2.479168,-1.636220
-2.482428,-1.636394
-2.487482,-1.636728
-2.492290,-1.637069
-2.495993,-1.637245
-2.499322,-1.637442
-2.504595,-1.637592
-2.513019,-1.638222
-2.527202,-1.639058
-2.541527,-1.639965
-2.554048,-1.640859
-2.564715,-1.641354
-2.573685,-1.642034
-2.581838,-1.642360
-2.588204,-1.642662
-2.594898,-1.642933
-2.603878,-1.643760
-2.615594,-1.644427
-2.625305,-1.644980
-2.634014,-1.645341
-2.647253,-1.646163
-2.664726,-1.647059
-2.682087,-1.648195
-2.698167,-1.648847
-2.712854,-1.649754
-2.726859,-1.650640
-2.740190,-1.651343
-2.748713,-1.651729
-2.754212,-1.652105
-2.759077,-1.652164
-2.764007,-1.652573
-2.768996,-1.652924
-2.775000,-1.653131
-2.781433,-1.653392
-2.788842,-1.653860
-2.797080,-1.654336
-2.805983,-1.654769
-2.814988,-1.655247
-2.824005,-1.655663
-2.832602,-1.656136
-2.841043,-1.656515
-2.849400,-1.656961
-2.856598,-1.657431
-2.861677,-1.657536
-2.866500,-1.657703
-2.871785,-1.658099
-2.877083,-1.658303
-2.882952,-1.658612
-2.887810,-1.658930
-2.891127,-1.658975
-2.893122,-1.659110
-2.894695,-1.659062
-2.896251,-1.659336
-2.898343,-1.659336
-2.901059,-1.659568
-2.906396,-1.659794
-2.914049,-1.660121
-2.919198,-1.660335
-2.924642,-1.660639
-2.931431,-1.661010
-2.938935,-1.661433
-2.946680,-1.661824
-2.955931,-1.662240
-2.964715,-1.662735
-2.972554,-1.663024
-2.979678,-1.663435
-2.987197,-1.663754
-2.994202,-1.664170
-3.000421,-1.664356
-3.004981,-1.664603
-3.008254,-1.664715
-3.010612,-1.664879
-3.012706,-1.665019
-3.014759,-1.665238
-3.018011,-1.665191
-3.021286,-1.665345
-3.024845,-1.665519
-3.028448,-1.665704
-3.031536,-1.665836
-3.035159,-1.665985
-3.039438,-1.666199
-3.043921,-1.666421
-3.049171,-1.666697
-3.055617,-1.666824
-3.062890,-1.667253
-3.071152,-1.667624
-3.081039,-1.667985
-3.089748,-1.668478
-3.098840,-1.668986
-3.111289,-1.669309
-3.128486,-1.670169
-3.141084,-1.670829
-3.148946,-1.671172
-3.154847,-1.671501
-3.160766,-1.671837
-3.167045,-1.672009
-3.173600,-1.672298
-3.180680,-1.672529
-3.187234,-1.672997
-3.194016,-1.673286
-3.201291,-1.673588
-3.211325,-1.674183
-3.222904,-1.674586
-3.231213,-1.674925
-3.238648,-1.675333
-3.250418,-1.675846
-3.268925,-1.676561
-3.287921,-1.677405
-3.307579,-1.678431
-3.325000,-1.678939
-3.339220,-1.679587
-3.351182,-1.680040
-3.365130,-1.680632
-3.389677,-1.681534
-3.408517,-1.682463
-3.420076,-1.682936
-3.429364,-1.683247
-3.437942,-1.683484
-3.445498,-1.683805
-3.452963,-1.684375
-3.460072,-1.684629
-3.467832,-1.684821
-3.476814,-1.685217
-3.486893,-1.685431
-3.497856,-1.685974
-3.509052,-1.686549
-3.520045,-1.686908
-3.529333,-1.687232
-3.538480,-1.687623
-3.546791,-1.687909
-3.552964,-1.688188
-3.557471,-1.688444
-3.562533,-1.688355
-3.569662,-1.688878
-3.576798,-1.689015
-3.584188,-1.689413
-3.591948,-1.689672
-3.600466,-1.689973
-3.610413,-1.690285
-3.621520,-1.690705
-3.631379,-1.691027
-3.639341,-1.691286
-3.646276,-1.691664
-3.651646,-1.691811
-3.657783,-1.692043
-3.663610,-1.692192
-3.668547,-1.692414
-3.672744,-1.692658
-3.679123,-1.692708
-3.690046,-1.693193
-3.700432,-1.693646
-3.706408,-1.693793
-3.710488,-1.693985
-3.714037,-1.694015
-3.718499,-1.694249
-3.725623,-1.694600
-3.733331,-1.694799
-3.739854,-1.694916
-3.746528,-1.695213
-3.753215,-1.695404
-3.759059,-1.695631
-3.765047,-1.695950
-3.770887,-1.696129
-3.776487,-1.696229
-3.782737,-1.696505
-3.790228,-1.696754
-3.797844,-1.697006
-3.804725,-1.697103
-3.812234,-1.697436
-3.820118,-1.697768
-3.826854,-1.698032
-3.832112,-1.698124
-3.835770,-1.698268
-3.838473,-1.698258
-3.840563,-1.698313
-3.842166,-1.698527
-3.843774,-1.698457
-3.845267,-1.698649
-3.846788,-1.698604
-3.848338,-1.698550
-3.849966,-1.698674
-3.851071,-1.698868
-3.852510,-1.698697
-3.853830,-1.698851
-3.855117,-1.698873
-3.856573,-1.698881
-3.857900,-1.698933
-3.859299,-1.698906
-3.860539,-1.699015
-3.862005,-1.699028
-3.863279,-1.698918
-3.864614,-1.699162
-3.865779,-1.699110
-3.867156,-1.699177
-3.868448,-1.699100
-3.869745,-1.699478
-3.870930,-1.699239
-3.872130,-1.699434
-3.873144,-1.699349
-3.874426,-1.699381
-3.875582,-1.699349
-3.876941,-1.699521
-3.877910,-1.699414
-3.879224,-1.699615
-3.879219,-1.699401
-3.876846,-1.699536
-3.874207,-1.699332
-3.872195,-1.699317
-3.869849,-1.699289
-3.867021,-1.699040
-3.863702,-1.699182
-3.859468,-1.698938
-3.854505,-1.698873
-3.850999,-1.698704
-3.847312,-1.698716
-3.843314,-1.698552
-3.838170,-1.698393
-3.832266,-1.698325
-3.826271,-1.698278
-3.819492,-1.698064
-3.812050,-1.697812
-3.805050,-1.697536
-3.796905,-1.697379
-3.786874,-1.697185
-3.777926,-1.696988
-3.767664,-1.696597
-3.752745,-1.696176
-3.742334,-1.696037
-3.734914,-1.695606
-3.726538,-1.695499
-3.716551,-1.695228
-3.706528,-1.695078
-3.696275,-1.694804
-3.684701,-1.694359
-3.672873,-1.694030
-3.661075,-1.693656
-3.649215,-1.693263
-3.638578,-1.693111
-3.628805,-1.692770
-3.618426,-1.692571
-3.609009,-1.692252
-3.600694,-1.691963
-3.592785,-1.691594
-3.584670,-1.691517
-3.575471,-1.691164
-3.569003,-1.690967
-3.564143,-1.690780
-3.559002,-1.690623
-3.555143,-1.690631
-3.552039,-1.690417
-3.549825,-1.690297
-3.547370,-1.690103
-3.545380,-1.690113
-3.543206,-1.690083
-3.537560,-1.689894
-3.524649,-1.689734
-3.511321,-1.689186
-3.501143,-1.688875
-3.492451,-1.688512
-3.484249,-1.688253
-3.475182,-1.688096
-3.467039,-1.687881
-3.461406,-1.687695
-3.457135,-1.687423
-3.452746,-1.687334
-3.446030,-1.687164
-3.439184,-1.686968
-3.431611,-1.686611
-3.424208,-1.686380
-3.418993,-1.686372
-3.416215,-1.686203
-3.415084,-1.686176
-3.414411,-1.686121
-3.413248,-1.686158
-3.410395,-1.685986
-3.406571,-1.685767
-3.402096,-1.685653
-3.396540,-1.685561
-3.388830,-1.685282
-3.381383,-1.684911
-3.373712,-1.684828
-3.358970,-1.684355
-3.344473,-1.683825
-3.335652,-1.683563
-3.330822,-1.683357
-3.327833,-1.683153
-3.325529,-1.683080
-3.323253,-1.683026
-3.321916,-1.683133
-3.319608,-1.682943
-3.316166,-1.682871
-3.312683,-1.682689
-3.306654,-1.682361
-3.298064,-1.682194
-3.291430,-1.682017
-3.286962,-1.681885
-3.283402,-1.681668
-3.281021,-1.681703
-3.279769,-1.681651
-3.277301,-1.681534
-3.272523,-1.681270
-3.266975,-1.681220
-3.263292,-1.681046
-3.261346,-1.681046
-3.260114,-1.680849
-3.259080,-1.680809
-3.257038,-1.680717
-3.254068,-1.680603
-3.251705,-1.680625
-3.249337,-1.680326
-3.246607,-1.680344
-3.243046,-1.680264
-3.239930,-1.680092
-3.236218,-1.679958
-3.232383,-1.679955
-3.229991,-1.679841
-3.227906,-1.679704
-3.225757,-1.679599
-3.223299,-1.679507
-3.220782,-1.679340
-3.218449,-1.679318
-3.216279,-1.679151
-3.214026,-1.679103
-3.211678,-1.679099
-3.208415,-1.679024
-3.203749,-1.678917
-3.198689,-1.678698
-3.195275,-1.678553
-3.191193,-1.678598
-3.185649,-1.678117
-3.178756,-1.677965
-3.172748,-1.677826
-3.164419,-1.677584
-3.148546,-1.676972
-3.128717,-1.676382
-3.111383,-1.675699
-3.098440,-1.675077
-3.088950,-1.674763
-3.082127,-1.674507
-3.074558,-1.674215
-3.064927,-1.673984
-3.050259,-1.673418
-3.029121,-1.672599
-3.015146,-1.671984
-3.007021,-1.671690
-2.998650,-1.671416
-2.987910,-1.670898
-2.976856,-1.670547
-2.964720,-1.670039
-2.950676,-1.669446
-2.938532,-1.669063
-2.929753,-1.668814
-2.921119,-1.668326
-2.912976,-1.667987
-2.905638,-1.667753
-2.899739,-1.667489
-2.893632,-1.667268
-2.881481,-1.666847
-2.863819,-1.666082
-2.853567,-1.665724
-2.848031,-1.665542
-2.843123,-1.665298
-2.837383,-1.665151
-2.829790,-1.664765
-2.818817,-1.664249
-2.805217,-1.663751
-2.788750,-1.662930
-2.772818,-1.662217
-2.757636,-1.661779
-2.743708,-1.660977
-2.731008,-1.660434
-2.718487,-1.659964
-2.706051,-1.659351
-2.692280,-1.658821
-2.678644,-1.658265
-2.664627,-1.657620
-2.649445,-1.657028
-2.632968,-1.656203
-2.619771,-1.655715
-2.609618,-1.655262
-2.597375,-1.654819
-2.583644,-1.654127
-2.572269,-1.653723
-2.563547,-1.653337
-2.555790,-1.652921
-2.550005,-1.652515
-2.543818,-1.652276
-2.535069,-1.651801
-2.522014,-1.651265
-2.509209,-1.650700
-2.497792,-1.650030
-2.485020,-1.649415
-2.470290,-1.648720
-2.453256,-1.647844
-2.435157,-1.647044
-2.419677,-1.646240
-2.401272,-1.645374
-2.384909,-1.644465
-2.370390,-1.643488
-2.354783,-1.642771
-2.337392,-1.641837
-2.320239,-1.640849
-2.300863,-1.639972
-2.276119,-1.638573
-2.250916,-1.637201
-2.227320,-1.635913
-2.199224,-1.634444
-2.171389,-1.632875
-2.154726,-1.631730
-2.139768,-1.630993
-2.122533,-1.629884
-2.105448,-1.628801
-2.087492,-1.627681
-2.067594,-1.626560
-2.048893,-1.625482
-2.032556,-1.624416
-2.019108,-1.623507
-2.008448,-1.622830
-1.998713,-1.622227
-1.987754,-1.621495
-1.973112,-1.620588
-1.961023,-1.619752
-1.952830,-1.619194
-1.941738,-1.618345
-1.933287,-1.617916
-1.925885,-1.617316
-1.918190,-1.616798
-1.908342,-1.616221
-1.895491,-1.615386
-1.877287,-1.613942
-1.867368,-1.613446
-1.858032,-1.612717
-1.849400,-1.612191
-1.843166,-1.611556
-1.836273,-1.611113
-1.830861,-1.610652
-1.827688,-1.610543
-1.822192,-1.610100
-1.814461,-1.609402
-1.807203,-1.608964
-1.800941,-1.608419
-1.797403,-1.608289
-1.795418,-1.608210
-1.792230,-1.607916
-1.777728,-1.606857
-1.756739,-1.605256
-1.740568,-1.603914
-1.726106,-1.602806
-1.712564,-1.601680
-1.703631,-1.600980
-1.696430,-1.600306
-1.690462,-1.599927
-1.683557,-1.599389
-1.676589,-1.598921
-1.668809,-1.598196
-1.660120,-1.597502
-1.650891,-1.596792
-1.640554,-1.595930
-1.628439,-1.595049
-1.617595,-1.594070
-1.603737,-1.592902
-1.585312,-1.591142
-1.564057,-1.589172
-1.547245,-1.587638
-1.532289,-1.586286
-1.512584,-1.584413
-1.493011,-1.582545
-1.476696,-1.580879
-1.461536,-1.579590
-1.445663,-1.578011
-1.428352,-1.576275
-1.410625,-1.574497
-1.393157,-1.572682
-1.376317,-1.570968
-1.363110,-1.569238
-1.355502,-1.568438
-1.347710,-1.567644
-1.335174,-1.566197
-1.326624,-1.565231
-1.321848,-1.564696
-1.318672,-1.564230
-1.314791,-1.563929
-1.309103,-1.563154
-1.302794,-1.562586
-1.296515,-1.561595
-1.284715,-1.560231
-1.270097,-1.558679
-1.257933,-1.556961
-1.247189,-1.555609
-1.235011,-1.554237
-1.208242,-1.550890
-1.183404,-1.547177
-1.168162,-1.545162
-1.154752,-1.543222
-1.139401,-1.540961
-1.123980,-1.538508
-1.109888,-1.536591
-1.099176,-1.534803
-1.091190,-1.533710
-1.084081,-1.532455
-1.075986,-1.531262
-1.064844,-1.529168
-1.052169,-1.527001
-1.041621,-1.525198
-1.033548,-1.523687
-1.027534,-1.522688
-1.021673,-1.521572
-1.015861,-1.520519
-1.008528,-1.519062
-0.994732,-1.516433
-0.980062,-1.513519
-0.966510,-1.510810
-0.950821,-1.507326
-0.933074,-1.503489
-0.914155,-1.499009
-0.895407,-1.494476
-0.878098,-1.490156
-0.862260,-1.485962
-0.847768,-1.482020
-0.834313,-1.478051
-0.819245,-1.473631
-0.803737,-1.468969
-0.788150,-1.463660
-0.775150,-1.459359
-0.758584,-1.453480
-0.737830,-1.445653
-0.715624,-1.436910
-0.692898,-1.427320
-0.670363,-1.417387
-0.650663,-1.408066
-0.633781,-1.399527
-0.620276,-1.392435
-0.607318,-1.385517
-0.594246,-1.378380
-0.581384,-1.370977
-0.569340,-1.363708
-0.558514,-1.356907
-0.549755,-1.351615
-0.542385,-1.346899
-0.534695,-1.341772
-0.526594,-1.336164
-0.518593,-1.330917
-0.511327,-1.325635
-0.502815,-1.319758
-0.494866,-1.313525
-0.487004,-1.307949
-0.479278,-1.301804
-0.471851,-1.296166
-0.463087,-1.288752
-0.452214,-1.279596
-0.439484,-1.269105
-0.427860,-1.258673
-0.417449,-1.249377
-0.408996,-1.241426
-0.400622,-1.233400
-0.391587,-1.224913
-0.380897,-1.213994
-0.368513,-1.201408
-0.355570,-1.187652
-0.343946,-1.174631
-0.330605,-1.159353
-0.315788,-1.141767
-0.301366,-1.123424
-0.287454,-1.105104
-0.275174,-1.088352
-0.262933,-1.071110
-0.250015,-1.051644
-0.236714,-1.031339
-0.223914,-1.010648
-0.211610,-0.989912
-0.200319,-0.969721
-0.189246,-0.949356
-0.179103,-0.929628
-0.168734,-0.909074
-0.159098,-0.888565
-0.149820,-0.868593
-0.141419,-0.849172
-0.133065,-0.829631
-0.125558,-0.811020
-0.117132,-0.789519
-0.107747,-0.764393
-0.098446,-0.738514
-0.089456,-0.711770
-0.081145,-0.685445
-0.073355,-0.660020
-0.066079,-0.634887
-0.059537,-0.611145
-0.053312,-0.587620
-0.048074,-0.567220
-0.043592,-0.548157
-0.039522,-0.531356
-0.035829,-0.515421
-0.032420,-0.500926
-0.029585,-0.487805
-0.026973,-0.475493
-0.024506,-0.464531
-0.022342,-0.454077
-0.020590,-0.444744
-0.018552,-0.435777
-0.016820,-0.427404
-0.015337,-0.420088
-0.014174,-0.413001
-0.012924,-0.406457
-0.011764,-0.400418
-0.010762,-0.394820
-0.009928,-0.389795
-0.008859,-0.384769
-0.007870,-0.380309
-0.007053,-0.376151
-0.006332,-0.372293
-0.005619,-0.368551
-0.004946,-0.365246
-0.004322,-0.362086
-0.003576,-0.359148
-0.003174,-0.356503
-0.002694,-0.353931
-0.002110,-0.351495
-0.001700,-0.349217
-0.001285,-0.346970
-0.001054,-0.344889
-0.000542,-0.343275
-0.000182,-0.341405
-0.000063,-0.339891
0.000225,-0.338334
0.000402,-0.337007
0.000615,-0.335508
0.001073,-0.334268
0.001175,-0.333145
0.001418,-0.332081
0.001597,-0.331175
0.001831,-0.330356
0.001995,-0.329380
0.002089,-0.328675
0.002325,-0.327828
0.002258,-0.327118
0.002484,-0.326581
0.002596,-0.325963
0.002733,-0.325271
0.002750,-0.324748
0.002877,-0.324190
0.002879,-0.323841
0.003065,-0.323343
0.003085,-0.322845
0.003113,-0.322536
0.003244,-0.322190
0.003282,-0.321812
0.003133,-0.321448
0.003376,-0.321309
0.003371,-0.321110
0.002643,-0.321254
0.001408,-0.322048
0.000854,-0.322330
0.000668,-0.322255
0.000740,-0.322424
0.000295,-0.322716
-0.000306,-0.323127
-0.000530,-0.323159
-0.000644,-0.323244
-0.000612,-0.323348
-0.000562,-0.323132
-0.000649,-0.323216
-0.000597,-0.323261
-0.000451,-0.323316
-0.000530,-0.323191
-0.000473,-0.323413
-0.000428,-0.323211
-0.000513,-0.323216
-0.000545,-0.323284
-0.000659,-0.323159
-0.000455,-0.323331
-0.000533,-0.323303
-0.000677,-0.323251
-0.000711,-0.323291
0.000471,-0.322743
0.000526,-0.322793
0.000526,-0.322833
0.000556,-0.322728
0.000561,-0.322815
0.000601,-0.322838
0.000725,-0.322888
0.000456,-0.322835
0.000531,-0.322741
0.000561,-0.322850
0.000541,-0.322903
0.000598,-0.322688
0.000531,-0.322678
0.000645,-0.322908
0.000692,-0.322795
0.000556,-0.322753
0.000446,-0.322898
0.000417,-0.322803
0.000424,-0.322701
0.000427,-0.322756
0.000541,-0.322823
0.000558,-0.322865
0.000620,-0.322776
0.000504,-0.322925
0.000474,-0.322783
0.000454,-0.323035
0.000533,-0.322813
0.000330,-0.322855
0.000464,-0.322713
0.000332,-0.322788
0.000670,-0.322890
0.000563,-0.322922
0.000541,-0.322922
0.000387,-0.322885
0.000196,-0.323171
-0.003248,-0.326292
-0.005393,-0.327343
-0.005341,-0.327315
-0.004943,-0.327233
-0.004560,-0.327131
-0.004389,-0.327121
-0.004312,-0.326877
-0.004304,-0.327014
-0.004292,-0.326902
-0.004317,-0.326907
-0.004101,-0.327014
-0.004299,-0.327026
-0.004252,-0.327009
-0.004272,-0.327039
-0.004178,-0.326929
-0.004173,-0.327031
-0.004240,-0.326892
-0.004190,-0.326999
-0.004145,-0.327031
-0.004190,-0.327084
-0.003969,-0.326842
-0.003785,-0.326934
-0.003832,-0.326750
-0.003790,-0.326777
-0.003899,-0.326852
-0.003750,-0.326698
-0.003738,-0.326812
-0.003688,-0.326740
-0.003636,-0.326847
-0.002095,-0.326100
0.000064,-0.324315
0.001915,-0.322960
0.003028,-0.321229
0.003562,-0.319347
0.004281,-0.316906
0.004713,-0.314090
0.005431,-0.310499
0.006154,-0.306216
0.007233,-0.300787
0.008607,-0.294200
0.010090,-0.286257
0.011526,-0.276311
0.013432,-0.265762
0.015544,-0.253777
0.017681,-0.240890
0.019903,-0.227809
0.022288,-0.212235
0.025121,-0.194861
0.028398,-0.178709
0.031517,-0.162759
0.033937,-0.148027
0.036069,-0.134216
0.037647,-0.121277
0.039344,-0.108400
0.041600,-0.095568
0.043804,-0.080525
0.046306,-0.062551
0.049785,-0.040639
0.053559,-0.016472
0.057672,0.008508
0.061677,0.032456
0.066152,0.055969
0.070558,0.079733
0.075167,0.103888
0.080164,0.127759
0.084836,0.150438
0.089686,0.172501
0.094718,0.195236
0.100820,0.221857
0.107246,0.249100
0.113677,0.275444
0.119953,0.300842
0.126156,0.325226
0.132517,0.348397
0.138237,0.369180
0.144228,0.390210
0.149669,0.409380
0.156045,0.430592
0.163023,0.452695
0.169704,0.473555
0.176386,0.493338
0.182084,0.511083
0.188286,0.527755
0.193894,0.544046
0.199534,0.559727
0.205540,0.575672
0.211444,0.591098
0.217231,0.605206
0.222733,0.619203
0.228082,0.632100
0.232891,0.643667
0.237420,0.653755
0.241518,0.663780
0.245648,0.672782
0.249842,0.681755
0.253885,0.690575
0.258370,0.700232
0.262927,0.710111
0.268366,0.721207
0.273853,0.732244
0.279394,0.743562
0.284637,0.753911
0.289437,0.763434
0.294462,0.772269
0.299143,0.781436
0.303377,0.789534
0.307927,0.797321
0.312347,0.805078
0.316589,0.812593
0.320341,0.819606
0.323832,0.825535
0.327467,0.831153
0.331642,0.838608
0.337682,0.848313
0.343867,0.858142
0.350350,0.868506
0.356224,0.877702
0.361840,0.886236
0.366720,0.893543
0.370745,0.899352
0.374219,0.904507
0.377668,0.908778
0.379579,0.912122
0.381584,0.915088
0.384039,0.918709
0.387078,0.922740
0.391074,0.928284
0.398118,0.937669
0.408423,0.951565
0.421488,0.968314
0.436357,0.986779
0.450065,1.003075
0.462686,1.017478
0.473313,1.029463
0.482857,1.039579
0.491323,1.048710
0.500562,1.058086
0.509912,1.067544
0.519252,1.076601
0.528101,1.085155
0.537501,1.093796
0.549833,1.104984
0.562324,1.116033
0.575633,1.127354
0.588144,1.137616
0.599937,1.147004
0.611456,1.156063
0.623823,1.165227
0.636960,1.174750
0.650411,1.184716
0.664636,1.193980
0.677833,1.202904
0.689606,1.210427
0.702130,1.218055
0.716850,1.227219
0.730491,1.234939
0.739906,1.240223
0.746469,1.243764
0.753061,1.247377
0.761410,1.251850
0.771483,1.257141
0.782501,1.262690
0.793061,1.268146
0.803709,1.273163
0.814368,1.278448
0.825545,1.283328
0.836339,1.288262
0.846234,1.292604
0.854916,1.296439
0.861480,1.299194
0.866298,1.301243
0.870386,1.302829
0.875070,1.304622
0.881545,1.307446
0.889730,1.310554
0.901471,1.315044
0.914198,1.320134
0.923293,1.323555
0.930016,1.326188
0.936216,1.328498
0.943193,1.330909
0.951450,1.333738
0.960731,1.336918
0.971567,1.340414
0.983164,1.344269
0.994602,1.347984
1.005985,1.351371
1.018520,1.355308
1.032363,1.359235
1.047019,1.363337
1.059828,1.366875
1.070187,1.369754
1.078474,1.371778
1.086276,1.373773
1.093360,1.375730
1.099580,1.377401
1.106836,1.379139
1.113691,1.380888
1.122194,1.382768
1.131443,1.384899
1.139886,1.386926
1.148558,1.389065
1.157277,1.390975
1.166941,1.393102
1.174850,1.394783
1.182202,1.396339
1.189426,1.397776
1.196510,1.399455
1.204290,1.400911
1.211461,1.402403
1.217097,1.403504
1.224007,1.404749
1.234274,1.406846
1.246420,1.409209
1.260442,1.411699
1.275492,1.414555
1.291281,1.417549
1.309367,1.420527
1.325360,1.423171
1.337876,1.425164
1.353406,1.427808
1.380597,1.431969
1.406317,1.435829
1.421562,1.438053
1.432110,1.439704
1.443326,1.441295
1.457316,1.443248
1.472774,1.445309
1.487325,1.447234
1.501508,1.449142
1.515905,1.450870
1.529263,1.452670
1.541923,1.454197
1.553279,1.455763
1.563370,1.457093
1.574258,1.458321
1.586717,1.459775
1.595208,1.460784
1.600006,1.461294
1.606285,1.462258
1.616811,1.463508
1.623905,1.464270
1.628074,1.464526
1.629794,1.464648
1.631441,1.465000
1.632119,1.465239
1.632206,1.464873
1.632930,1.465039
1.634562,1.465049
1.643505,1.465866
1.656505,1.467968
1.670654,1.469372
1.683406,1.470615
1.693832,1.471751
1.703056,1.472602
1.712158,1.473743
1.720589,1.474669
1.726977,1.475072
1.736703,1.476275
1.759973,1.478561
1.784729,1.481051
1.802053,1.482650
1.819392,1.484291
1.836299,1.485673
1.853096,1.487389
1.868880,1.489020
1.883776,1.490355
1.896290,1.491393
1.905434,1.492153
1.912021,1.492823
1.921992,1.493570
1.929144,1.494135
1.933838,1.494626
1.938310,1.495032
1.942659,1.495378
1.949733,1.496100
1.959317,1.496844
1.969984,1.497868
1.979228,1.498573
1.986414,1.499168
1.992516,1.499576
1.999282,1.500151
2.008429,1.500941
2.021360,1.502019
2.034033,1.503038
2.045816,1.504046
2.058590,1.504885
2.073151,1.506051
2.099870,1.508220
2.125640,1.510244
2.146209,1.511888
2.163722,1.513295
2.179690,1.514425
2.193783,1.515399
2.205919,1.516241
2.217153,1.517125
2.228747,1.518046
2.242148,1.518711
2.254376,1.519697
2.264014,1.520267
2.277057,1.521258
2.292107,1.522250
2.303719,1.523181
2.312796,1.523619
2.320804,1.524267
2.329596,1.524872
2.339180,1.525474
2.350341,1.526122
2.361471,1.526959
2.373003,1.527703
2.387313,1.528485
2.404162,1.529842
2.420726,1.530868
2.435136,1.531780
2.447905,1.532606
2.473414,1.534310
2.510003,1.536419
2.537410,1.538137
2.559622,1.539412
2.580509,1.540555
2.599046,1.541940
2.614494,1.542776
2.625788,1.543489
2.634775,1.543827
2.643986,1.544417
2.655285,1.545130
2.664903,1.545523
2.673536,1.546076
2.682138,1.546524
2.691869,1.547017
2.701619,1.547458
2.712443,1.548038
2.721160,1.548571
2.729710,1.549027
2.740233,1.549679
2.751917,1.550282
2.762529,1.550802
2.771221,1.551241
2.779448,1.551721
2.787929,1.552334
2.797046,1.552725
2.806530,1.553280
2.814494,1.553649
2.821007,1.554035
2.829256,1.554493
2.837011,1.554829
2.844319,1.555464
2.861305,1.556097
2.877481,1.556921
2.888564,1.557411
2.900053,1.558124
2.911486,1.558659
2.923339,1.559252
2.936518,1.559991
2.951678,1.560778
2.968090,1.561456
2.985118,1.562362
3.002393,1.563159
3.022259,1.564292
3.040261,1.564942
3.060304,1.565871
3.082173,1.566989
3.102886,1.567898
3.122317,1.568737
3.141527,1.569618
3.163525,1.570672
3.183409,1.571496
3.197438,1.572251
3.213358,1.572846
3.232315,1.573595
3.248588,1.574529
3.262247,1.575097
3.274512,1.575495
3.283124,1.575996
3.289821,1.576115
3.296778,1.576514
3.303803,1.576775
3.310266,1.577032
3.316592,1.577326
3.321674,1.577515
3.326400,1.577729
3.332162,1.578013
3.340029,1.578317
3.348905,1.578768
3.357338,1.579116
3.365605,1.579363
3.373233,1.579721
3.380641,1.579943
3.387941,1.580334
3.395800,1.580560
3.404316,1.581006
3.413795,1.581375
3.425728,1.581781
3.442013,1.582565
3.457357,1.583018
3.473401,1.583728
3.493098,1.584620
3.513966,1.585434
3.532279,1.585999
3.546469,1.586622
3.557480,1.586955
3.569039,1.587501
3.581908,1.587984
3.593877,1.588552
3.604768,1.588910
3.618159,1.589423
3.631775,1.589881
3.640979,1.590155
3.647957,1.590521
3.654285,1.590795
3.659280,1.590960
3.664140,1.591194
3.669266,1.591281
3.676574,1.591622
3.685823,1.591948
3.694825,1.592304
3.704650,1.592636
3.717442,1.593186
3.732979,1.593744
3.746492,1.594127
3.755951,1.594451
3.762047,1.594847
3.767993,1.595009
3.774528,1.595171
3.781006,1.595489
3.787667,1.595649
3.793855,1.595905
3.800270,1.596112
3.806646,1.596333
3.813296,1.596635
3.825434,1.597083
3.843722,1.597603
3.856435,1.598144
3.865509,1.598219
3.875888,1.598582
3.891888,1.599230
3.905927,1.599648
3.915074,1.600076
3.923487,1.600430
3.939425,1.600993
3.960702,1.601560
3.978660,1.602332
3.996252,1.602910
4.017448,1.603677
4.038703,1.604282
4.057513,1.604999
4.071184,1.605430
4.081327,1.605682
4.088864,1.605928
4.095861,1.606187
4.103268,1.606352
4.110986,1.606693
4.118932,1.606902
4.124759,1.607051
4.128382,1.607071
4.130360,1.607285
4.131573,1.607198
4.132601,1.607310
4.135424,1.607395
4.139758,1.607549
4.144640,1.607701
4.148574,1.607719
4.151218,1.607853
4.152758,1.607930
4.153668,1.608013
4.154043,1.607876
4.154396,1.607898
4.154234,1.607945
4.153466,1.607980
4.152895,1.607808
4.152793,1.607761
4.152482,1.608000
4.152363,1.607846
4.152274,1.607988
4.152303,1.607821
4.151931,1.607928
4.151732,1.607883
4.152003,1.607913
4.152030,1.607988
4.151896,1.607766
4.151831,1.607843
4.151953,1.607791
4.151849,1.607734
4.151896,1.607963
4.151727,1.607893
4.151722,1.607945
4.151702,1.607846
4.151650,1.607871
4.151645,1.607846
4.151618,1.607883
4.151588,1.607818
