0.000399,0.000233
0.000596,0.000188
0.000524,0.000126
0.000494,0.000088
0.000419,0.000195
0.000464,0.000165
0.000501,0.000101
0.000645,0.000248
0.000489,0.000098
0.000536,0.000053
0.000456,0.000153
0.000327,0.000108
0.000402,0.000111
-0.002185,-0.000955
-0.006344,-0.002982
-0.006215,-0.002957
-0.005525,-0.002736
-0.004963,-0.002526
-0.004702,-0.002389
-0.004352,-0.002277
-0.004215,-0.002133
-0.004034,-0.002138
-0.004093,-0.002173
-0.004138,-0.002155
-0.004193,-0.002078
-0.004302,-0.002051
-0.004128,-0.002133
-0.004208,-0.002063
-0.004066,-0.002066
-0.004193,-0.002073
-0.004175,-0.002081
-0.004158,-0.002078
-0.004083,-0.001931
-0.004260,-0.002053
-0.004123,-0.002076
-0.003860,-0.001976
-0.004009,-0.001919
-0.003524,-0.001640
-0.001683,-0.000965
0.000802,0.000611
0.003093,0.002765
0.005267,0.005315
0.008763,0.009877
0.014963,0.019811
0.023481,0.033034
0.031820,0.046523
0.038551,0.058056
0.044147,0.068094
0.048744,0.075963
0.052789,0.082993
0.057421,0.091113
0.062634,0.100177
0.067904,0.109755
0.072809,0.118680
0.077185,0.126820
0.081638,0.134664
0.086866,0.144274
0.093150,0.155318
0.098882,0.165869
0.104741,0.176241
0.109915,0.185719
0.115868,0.196088
0.124252,0.210078
0.135471,0.229218
0.149234,0.252564
0.162928,0.274941
0.174602,0.293558
0.184350,0.309054
0.192078,0.321114
0.198108,0.330346
0.202991,0.337779
0.206887,0.343364
0.210778,0.348776
0.215109,0.355283
0.219617,0.361715
0.224720,0.368583
0.230209,0.376113
0.235925,0.383928
0.242636,0.392681
0.250177,0.402985
0.259543,0.414891
0.270883,0.428849
0.283074,0.444236
0.296084,0.459799
0.308595,0.474743
0.321842,0.490200
0.334850,0.504974
0.345853,0.517450
0.354042,0.526642
0.359909,0.533530
0.364598,0.538645
0.367920,0.542121
0.369908,0.544571
0.372117,0.546750
0.375608,0.550371
0.381857,0.556527
0.390124,0.564852
0.399813,0.574643
0.410336,0.585229
0.421204,0.595912
0.434108,0.608005
0.446863,0.620398
0.460365,0.633011
0.474628,0.646384
0.488409,0.659094
0.504100,0.672598
0.519976,0.686718
0.533572,0.698815
0.543194,0.707332
0.549828,0.713229
0.554591,0.717375
0.557615,0.720007
0.559914,0.722051
0.561899,0.723715
0.569046,0.729348
0.584864,0.741380
0.604956,0.757106
0.624318,0.772486
0.640325,0.785300
0.653507,0.795769
0.666378,0.805396
0.679508,0.815158
0.692059,0.824372
0.705116,0.833596
0.719170,0.843761
0.730521,0.851737
0.738241,0.857591
0.743599,0.861466
0.746687,0.863879
0.748881,0.865408
0.750166,0.866556
0.751078,0.867174
0.754373,0.869024
0.764444,0.875374
0.780418,0.885878
0.798545,0.897631
0.817773,0.909888
0.840658,0.924212
0.863185,0.938215
0.879520,0.948776
0.890145,0.955437
0.896732,0.959815
0.900770,0.962529
0.903143,0.963941
0.904550,0.964987
0.905375,0.965649
0.905737,0.966115
0.906234,0.966441
0.906411,0.966394
0.906473,0.966675
0.906590,0.966698
0.906572,0.966867
0.906749,0.966907
0.906791,0.967131
0.906975,0.967049
0.906903,0.967273
0.907131,0.967268
0.907057,0.967293
0.908473,0.967853
0.916531,0.972198
0.930819,0.980120
0.946009,0.988624
0.958992,0.995997
0.972519,1.003682
0.984876,1.010505
0.996331,1.016888
1.006951,1.022665
1.016928,1.028064
1.024593,1.032252
1.029727,1.035034
1.032326,1.036277
1.033941,1.037487
1.035139,1.038060
1.038851,1.039783
1.046435,1.043623
1.056019,1.048419
1.067553,1.054109
1.080593,1.060529
1.094675,1.067208
1.111497,1.075231
1.128376,1.083297
1.141258,1.089475
1.149462,1.093686
1.154022,1.095833
1.156544,1.097025
1.158187,1.098037
1.159342,1.098355
1.164488,1.100751
1.173670,1.104758
1.187167,1.110587
1.200781,1.116721
1.214378,1.122478
1.229299,1.128868
1.247476,1.136555
1.267397,1.144768
1.282696,1.151417
1.292356,1.155414
1.298017,1.157662
1.301009,1.158902
1.302557,1.159545
1.304863,1.160387
1.311340,1.162777
1.323007,1.167441
1.338268,1.173069
1.356830,1.179950
1.377064,1.187485
1.393811,1.193768
1.405241,1.198176
1.411496,1.200183
1.414731,1.201370
1.416137,1.202152
1.417270,1.202474
1.420347,1.203639
1.430492,1.206819
1.447351,1.212728
1.468189,1.219507
1.490378,1.226930
1.510836,1.233380
1.530180,1.239461
1.545906,1.244132
1.557185,1.247766
1.563355,1.249531
1.566560,1.250460
1.568133,1.250998
1.568888,1.251053
1.569535,1.251573
1.573249,1.252442
1.580863,1.254586
1.592936,1.257849
1.608842,1.262216
1.626951,1.267132
1.647165,1.272665
1.669238,1.278283
1.687995,1.282848
1.700198,1.285936
1.706107,1.287514
1.709181,1.288403
1.710403,1.288615
1.711810,1.288894
1.718039,1.290216
1.734623,1.294066
1.757988,1.299303
1.782542,1.304553
1.807853,1.309789
1.830663,1.314578
1.848355,1.318114
1.858260,1.320067
1.863083,1.321112
1.865212,1.321586
1.866176,1.321752
1.866785,1.321977
1.870840,1.322622
1.883793,1.325206
1.904517,1.328932
1.930103,1.333334
1.955746,1.337929
1.980020,1.341585
1.997073,1.344486
2.006280,1.345952
2.010370,1.346635
2.012256,1.346894
2.013056,1.347225
2.013769,1.347185
2.017496,1.347695
2.028362,1.349416
2.046156,1.351996
2.068743,1.355308
2.091884,1.358745
2.113810,1.361613
2.134014,1.364240
2.148495,1.366332
2.155117,1.367784
2.158840,1.367928
2.160380,1.368123
2.161195,1.368123
2.163412,1.368412
2.170287,1.369413
2.184540,1.370892
2.206625,1.373965
2.233762,1.377416
2.260101,1.380422
2.280103,1.382783
2.291441,1.384058
2.296406,1.384822
2.299060,1.385071
2.300198,1.385295
2.300797,1.385121
2.301999,1.385365
2.310010,1.386149
2.328488,1.388418
2.351807,1.390881
2.376859,1.393717
2.401166,1.396297
2.425231,1.398750
2.447152,1.401063
2.459648,1.402373
2.465945,1.402988
2.468772,1.403165
2.470127,1.403402
2.470641,1.403526
2.473762,1.403865
2.486439,1.404938
2.511111,1.407393
2.537256,1.409968
2.560596,1.412242
2.582018,1.414147
2.599821,1.415947
2.613336,1.417197
2.621561,1.417927
2.625693,1.418370
2.627793,1.418594
2.628918,1.418696
2.629271,1.418761
2.631204,1.418916
2.639616,1.419561
2.657238,1.421100
2.679042,1.423037
2.702610,1.425022
2.728095,1.427203
2.751653,1.429280
2.770587,1.430913
2.782239,1.431972
2.788028,1.432283
2.790903,1.432569
2.792173,1.432779
2.792772,1.432751
2.794126,1.432913
2.801610,1.433536
2.819859,1.435032
2.845253,1.436972
2.871898,1.439101
2.898401,1.441290
2.921691,1.443150
2.941612,1.444498
2.955949,1.445651
2.964440,1.446114
2.968493,1.446604
2.970572,1.446744
2.971691,1.446724
2.973015,1.447003
2.979903,1.447394
2.997239,1.448646
3.019782,1.450389
3.045639,1.452162
3.071202,1.454013
3.093839,1.455746
3.108522,1.456767
3.116433,1.457432
3.120456,1.457604
3.122429,1.457775
3.123346,1.457820
3.124029,1.458047
3.127302,1.458069
3.139820,1.458978
3.163411,1.460607
3.191897,1.462522
3.219329,1.464282
3.239645,1.465650
3.251719,1.466484
3.257551,1.466892
3.260880,1.467084
3.262446,1.467084
3.263355,1.467442
3.266436,1.467393
3.277737,1.468204
3.296729,1.469405
3.321030,1.471028
3.345277,1.472645
3.367461,1.474019
3.387750,1.475237
3.402060,1.476191
3.410202,1.476594
3.414312,1.476945
3.416519,1.477067
3.417883,1.477202
3.421064,1.477172
3.431443,1.477864
3.449977,1.479059
3.473155,1.480511
3.496666,1.481786
3.520205,1.483270
3.540814,1.484314
3.556431,1.485215
3.565538,1.485780
3.571479,1.486283
3.574597,1.486283
3.576324,1.486515
3.577125,1.486545
3.577542,1.486458
3.577850,1.486458
3.578069,1.486602
3.577947,1.486560
3.578094,1.486532
3.578113,1.486592
3.577892,1.486582
3.577967,1.486585
3.578002,1.486627
3.577820,1.486724
3.579758,1.486722
3.586003,1.487006
3.598578,1.487653
3.613097,1.488709
3.629586,1.489371
3.648742,1.490699
3.666299,1.491533
3.683735,1.492497
3.700528,1.493465
3.716982,1.494347
3.730537,1.495313
3.739206,1.495614
3.743895,1.496020
3.746611,1.495985
3.747781,1.496399
3.749439,1.496244
3.756739,1.496690
3.771305,1.497357
3.789934,1.498358
3.809362,1.499392
3.828495,1.500500
3.844619,1.501287
3.858117,1.502109
3.874693,1.502985
3.896718,1.503939
3.914492,1.504938
3.925786,1.505508
3.932139,1.505899
3.935588,1.506078
3.937370,1.506076
3.938518,1.506275
3.942506,1.506419
3.953417,1.506967
3.971297,1.507963
3.990684,1.509004
4.010903,1.509985
4.031224,1.510785
4.049716,1.511905
4.067529,1.512762
4.080925,1.513387
4.088926,1.513848
4.093545,1.514161
4.096350,1.514263
4.097777,1.514196
4.099538,1.514366
4.105410,1.514769
4.118868,1.515250
4.135804,1.516051
4.155178,1.517107
4.174962,1.518021
4.195561,1.518980
4.214928,1.519961
4.233216,1.520788
4.245916,1.521403
4.253023,1.521557
4.257471,1.521921
4.259806,1.522013
4.261511,1.522135
4.264311,1.522192
4.272066,1.522638
4.285126,1.523288
4.300127,1.523866
4.315764,1.524563
4.332176,1.525171
4.348010,1.525963
4.366273,1.526767
4.385282,1.527721
4.402380,1.528423
4.414028,1.528928
4.421386,1.529217
4.425493,1.529441
4.427837,1.529491
4.429288,1.529628
4.430070,1.529628
4.430754,1.529870
4.430997,1.529688
4.432448,1.529760
4.436819,1.529987
4.443250,1.530241
4.451435,1.530487
4.459418,1.530945
4.467027,1.531209
4.474859,1.531655
4.482597,1.531954
4.487937,1.532243
4.491072,1.532440
4.493011,1.532405
4.494027,1.532467
4.494728,1.532594
4.495103,1.532689
4.495235,1.532420
4.495490,1.532651
4.495595,1.532579
4.495694,1.532706
4.495791,1.532569
4.495811,1.532577
4.496059,1.532499
4.496271,1.532564
4.496022,1.532589
4.495958,1.532611
4.496000,1.532557
4.495915,1.532552
4.495913,1.532644
4.495997,1.532596
4.495861,1.532681
4.495968,1.532731
4.495856,1.532601
4.495833,1.532626
4.495789,1.532696
4.495905,1.532509
4.495617,1.532756
4.495669,1.532701
4.495635,1.532577
4.495453,1.532589
4.495406,1.532781
4.495374,1.532562
4.495279,1.532569
4.495190,1.532706
4.495177,1.532691
4.495277,1.532487
4.495172,1.532728
4.495100,1.532584
4.495190,1.532557
4.495150,1.532676
4.495013,1.532649
4.494944,1.532741
4.495093,1.532564
4.495006,1.532696
4.495182,1.532532
4.495138,1.532621
4.495175,1.532589
4.495235,1.532746
4.495222,1.532666
4.495264,1.532681
4.495187,1.532656
4.495088,1.532529
4.495205,1.532604
4.495128,1.532639
4.494966,1.532706
4.495028,1.532684
4.495071,1.532591
4.494936,1.532624
4.494971,1.532614
4.495018,1.532425
4.494946,1.532514
4.495056,1.532519
4.494981,1.532676
4.494929,1.532621
4.494889,1.532684
4.494820,1.532569
4.494792,1.532624
4.494797,1.532713
4.494795,1.532671
4.494782,1.532532
4.494685,1.532626
4.494641,1.532559
4.494713,1.532634
4.494616,1.532786
4.494415,1.532569
4.494606,1.532708
4.494534,1.532676
4.494462,1.532646
4.494566,1.532626
4.494608,1.532591
4.494641,1.532532
4.494623,1.532651
4.494457,1.532699
4.494516,1.532572
4.494298,1.532689
4.494283,1.532661
4.494479,1.532594
4.494092,1.532706
4.494151,1.532626
4.494178,1.532619
4.494141,1.532507
4.493967,1.532656
4.493947,1.532743
4.493937,1.532636
4.493888,1.532509
4.493942,1.532708
4.493893,1.532639
4.493764,1.532669
4.493870,1.532552
4.493803,1.532522
4.493860,1.532696
4.493746,1.532661
4.493704,1.532726
4.493649,1.532562
4.493483,1.532539
4.493587,1.532686
4.493423,1.532801
4.493314,1.532649
4.493349,1.532552
4.493117,1.532594
4.493100,1.532589
4.493090,1.532554
4.493147,1.532572
4.493043,1.532763
4.492812,1.532599
4.491592,1.532522
4.488742,1.532584
4.484065,1.532260
4.479188,1.532280
4.473480,1.532086
4.467216,1.531909
4.461292,1.531777
4.455142,1.531553
4.448555,1.531259
4.442042,1.531102
4.435505,1.530945
4.430297,1.530784
4.426766,1.530786
4.424661,1.530589
4.423528,1.530669
4.424246,1.530549
4.423811,1.530647
4.417863,1.530338
4.407223,1.530081
4.395295,1.529787
4.384837,1.529382
4.374368,1.529120
4.365103,1.528991
4.356848,1.528632
4.350986,1.528336
4.347557,1.528199
4.345391,1.528107
4.343939,1.528052
4.342988,1.528276
4.340486,1.528059
4.331689,1.527745
4.319556,1.527524
4.304535,1.526856
4.290884,1.526438
4.280661,1.526209
4.274519,1.525863
4.270953,1.525816
4.269092,1.525801
4.267763,1.525664
4.263586,1.525646
4.254253,1.525325
4.240795,1.524767
4.224353,1.524234
4.209571,1.523746
4.200032,1.523447
4.194570,1.523146
4.191484,1.523094
4.189576,1.523131
4.188348,1.523056
4.184077,1.522987
4.172570,1.522546
4.152470,1.521859
4.128643,1.521027
4.108720,1.520262
4.095776,1.519844
4.087964,1.519588
4.083710,1.519309
4.081263,1.519311
4.078810,1.519199
4.067594,1.518900
4.047584,1.517964
4.025762,1.517394
4.006408,1.516413
3.995117,1.516136
3.988915,1.515768
3.985028,1.515797
3.983105,1.515683
3.978434,1.515489
3.963520,1.514921
3.943786,1.514171
3.925781,1.513424
3.914249,1.512894
3.907726,1.512615
3.903750,1.512590
3.901703,1.512478
3.900450,1.512356
3.899312,1.512226
3.895354,1.512344
3.888628,1.511945
3.878925,1.511474
3.865323,1.510969
3.847350,1.510366
3.831189,1.509609
3.820519,1.509173
3.814377,1.509049
3.810843,1.508875
3.808915,1.508733
3.808068,1.508730
3.804336,1.508406
3.792153,1.508021
3.774553,1.507107
3.755047,1.506419
3.735380,1.505725
3.720448,1.504850
3.709945,1.504574
3.703726,1.504230
3.700436,1.503954
3.698982,1.504071
3.698602,1.503999
3.693719,1.503884
3.678584,1.503080
3.662667,1.502403
3.647887,1.501915
3.633107,1.501140
3.617838,1.500493
3.602830,1.499718
3.592848,1.499549
3.587491,1.499160
3.584487,1.498949
3.582986,1.498909
3.582020,1.498911
3.578141,1.498834
3.567394,1.498271
3.550363,1.497333
3.531280,1.496506
3.514572,1.495699
3.504966,1.495151
3.499842,1.495129
3.497129,1.494815
3.495740,1.494875
3.494375,1.494563
3.489214,1.494486
3.477745,1.493864
3.465815,1.493508
3.449793,1.492454
3.430024,1.491441
3.412792,1.490644
3.402442,1.490198
3.396777,1.489887
3.393793,1.489690
3.392314,1.489675
3.390371,1.489566
3.382708,1.489304
3.370768,1.488465
3.355857,1.487877
3.342357,1.487217
3.333365,1.486625
3.328539,1.486415
3.326236,1.486276
3.324862,1.486244
3.324126,1.486338
3.322881,1.486064
3.320386,1.486032
3.315951,1.485731
3.309426,1.485434
3.299074,1.484934
3.282784,1.484010
3.263308,1.483049
3.247326,1.482162
3.237697,1.481654
3.232608,1.481310
3.229934,1.481206
3.228963,1.481211
3.227102,1.481124
3.219307,1.480750
3.205708,1.479871
3.188262,1.478975
3.170771,1.477989
3.155104,1.477114
3.142745,1.476405
3.135750,1.476004
3.131874,1.476024
3.129854,1.475643
3.128987,1.475767
3.124121,1.475307
3.109983,1.474569
3.090412,1.473519
3.065564,1.471955
3.046101,1.470824
3.034907,1.470157
3.029368,1.469644
3.026488,1.469567
3.025141,1.469559
3.024441,1.469492
3.024058,1.469524
3.023973,1.469524
3.023857,1.469392
3.023611,1.469743
3.023151,1.469422
3.019565,1.469211
3.014670,1.468830
3.009594,1.468571
3.004070,1.468267
2.998671,1.467940
2.994379,1.467657
2.989882,1.467535
2.985571,1.466989
2.980166,1.466810
2.975284,1.466573
2.972347,1.466426
2.971020,1.466317
2.970088,1.466202
2.969829,1.466088
2.969628,1.466255
2.969298,1.466207
2.968155,1.466130
2.963426,1.465899
2.957895,1.465483
2.952175,1.465122
2.946557,1.464775
2.942109,1.464516
2.938101,1.464200
2.934120,1.464038
2.929387,1.463675
2.925247,1.463520
2.922392,1.463197
2.919370,1.463037
2.916558,1.462875
2.913725,1.462738
2.911936,1.462474
2.910756,1.462437
2.909583,1.462345
2.908648,1.462407
2.909809,1.462370
2.913954,1.462552
2.916356,1.462753
2.917539,1.462704
2.918106,1.462696
2.916692,1.462743
2.908599,1.462440
2.894684,1.461645
2.880215,1.460604
2.870807,1.459969
2.866029,1.459690
2.863731,1.459511
2.862789,1.459551
2.862615,1.459606
2.859126,1.459324
2.850626,1.458617
2.837466,1.457643
2.821123,1.456548
2.804910,1.455467
2.792697,1.454668
2.785601,1.454232
2.782092,1.454038
2.780363,1.453906
2.779684,1.453716
2.778648,1.453637
2.771303,1.453136
2.755055,1.451908
2.730853,1.450452
2.706231,1.448659
2.690606,1.447478
2.682720,1.446881
2.678888,1.446647
2.676975,1.446520
2.676100,1.446325
2.675794,1.446410
2.671560,1.446089
2.656413,1.445088
2.632002,1.443185
2.604711,1.441051
2.582110,1.439340
2.569343,1.438282
2.562755,1.437836
2.559813,1.437460
2.558385,1.437488
2.557781,1.437435
2.556382,1.437323
2.545973,1.436753
2.528736,1.435296
2.506981,1.433511
2.481276,1.431292
2.463236,1.429870
2.453409,1.429036
2.448608,1.428680
2.446541,1.428431
2.445480,1.428284
2.445236,1.428246
2.441499,1.427925
2.425601,1.426590
2.402801,1.424743
2.375142,1.422168
2.350774,1.420029
2.333830,1.418500
2.324778,1.417788
2.320521,1.417304
2.318757,1.417197
2.317835,1.417023
2.317510,1.417043
2.316737,1.416996
2.306368,1.416142
2.284472,1.413973
2.257330,1.411368
2.233513,1.409049
2.219529,1.407745
2.212636,1.406950
2.209649,1.406547
2.208143,1.406564
2.206998,1.406447
2.196512,1.405389
2.172434,1.402911
2.144989,1.400192
2.117381,1.397116
2.096968,1.394890
2.086047,1.393672
2.081232,1.393204
2.078983,1.393017
2.078148,1.392766
2.077534,1.392863
2.071705,1.392158
2.048400,1.389372
2.017434,1.385766
1.989786,1.382526
1.972278,1.380385
1.963720,1.379386
1.959858,1.378848
1.958440,1.378614
1.957642,1.378427
1.956596,1.378355
1.946701,1.377095
1.922199,1.373937
1.893678,1.369946
1.869821,1.366544
1.855452,1.364435
1.848472,1.363476
1.845485,1.363075
1.844171,1.362689
1.843669,1.362856
1.843241,1.362729
1.838093,1.362119
1.818326,1.359051
1.789935,1.354718
1.760164,1.349894
1.738184,1.346129
1.726885,1.343968
1.721834,1.343176
1.719540,1.342703
1.718690,1.342678
1.716946,1.342429
1.703742,1.340207
1.672900,1.334403
1.632619,1.326449
1.601859,1.319434
1.584667,1.315758
1.576122,1.313791
1.572305,1.312668
1.570635,1.312432
1.569860,1.312240
1.569435,1.312235
1.569532,1.312247
1.569423,1.312041
1.569425,1.312070
1.569495,1.312143
1.569366,1.312041
1.567850,1.311782
1.565586,1.311266
1.564018,1.310915
1.562189,1.310706
1.558743,1.309717
1.553980,1.308258
1.546133,1.306901
1.539312,1.304744
1.534002,1.304430
1.531999,1.303469
1.530665,1.303422
1.529959,1.303419
1.529852,1.303731
1.529944,1.302555
1.524152,1.301410
1.510853,1.298574
1.494257,1.294096
1.475914,1.289208
1.456021,1.283580
1.441400,1.279598
1.432674,1.276849
1.428194,1.275676
1.426183,1.275076
1.424946,1.274712
1.420516,1.273435
1.409210,1.270105
1.394032,1.265658
1.379357,1.260966
1.364856,1.256539
1.346309,1.250532
1.326500,1.243983
1.312570,1.239306
1.304723,1.236600
1.300561,1.235130
1.298554,1.234316
1.297222,1.234030
1.291546,1.232179
1.275124,1.226469
1.253178,1.218523
1.227456,1.209053
1.206064,1.200566
1.192450,1.195287
1.185085,1.192022
1.181109,1.190670
1.179253,1.189761
1.178331,1.189407
1.177620,1.189146
1.173284,1.187639
1.163092,1.183476
1.145320,1.176404
1.118971,1.165559
1.093102,1.154129
1.074411,1.145702
1.063031,1.140460
1.056794,1.137671
1.053397,1.135918
1.051449,1.135041
1.047866,1.133502
1.037258,1.128821
1.019939,1.120839
0.994994,1.109053
0.965716,1.094612
0.940463,1.081843
0.923064,1.072268
0.911741,1.066042
0.905529,1.062688
0.901995,1.060753
0.899781,1.059431
0.895433,1.057478
0.879461,1.049216
0.851022,1.034023
0.816692,1.014283
0.787488,0.996294
0.767669,0.983912
0.754885,0.975707
0.747182,0.970769
0.742393,0.967629
0.739730,0.965796
0.738134,0.964690
0.736880,0.964026
0.736293,0.963443
0.735950,0.963044
0.735612,0.963042
0.735148,0.962651
0.733587,0.961782
0.731135,0.960240
0.728451,0.958779
0.725467,0.956779
0.721389,0.954391
0.714862,0.950140
0.704940,0.943723
0.692270,0.935637
0.675199,0.924469
0.653591,0.909824
0.633777,0.895218
0.617860,0.883709
0.606877,0.875105
0.599954,0.870125
0.595327,0.866603
0.592562,0.864029
0.590445,0.862604
0.587550,0.860622
0.582551,0.856929
0.575439,0.851866
0.567358,0.845837
0.558112,0.838427
0.548223,0.830856
0.537936,0.822693
0.525082,0.812675
0.512442,0.802092
0.501779,0.792746
0.494362,0.786092
0.489007,0.781211
0.485352,0.777857
0.482783,0.775586
0.480989,0.773609
0.476578,0.770013
0.469034,0.763725
0.459957,0.755881
0.448873,0.746119
0.435947,0.734283
0.420499,0.719990
0.403011,0.702922
0.388994,0.688805
0.379057,0.678428
0.371796,0.670711
0.366583,0.665339
0.362759,0.661352
0.359912,0.658073
0.354977,0.653199
0.346946,0.645353
0.335705,0.633619
0.321444,0.618366
0.305497,0.600397
0.287037,0.579195
0.269373,0.557443
0.254409,0.537910
0.242872,0.522779
0.234257,0.510998
0.227864,0.501874
0.222867,0.495011
0.219368,0.489859
0.215750,0.484841
0.209777,0.477263
0.200938,0.465156
0.189575,0.449448
0.176413,0.430348
0.162143,0.408842
0.148571,0.387230
0.137176,0.368202
0.127945,0.352521
0.120530,0.339856
0.114636,0.329158
0.109793,0.320706
0.106130,0.313539
0.102970,0.308013
0.100405,0.303274
0.097374,0.298568
0.093808,0.291800
0.089206,0.283320
0.083842,0.273643
0.077317,0.261449
0.070282,0.247817
0.062395,0.232278
0.054094,0.215079
0.045923,0.198018
0.038136,0.181314
0.031859,0.166930
0.026535,0.154571
0.021965,0.143838
0.018017,0.134864
0.014866,0.127047
0.012294,0.120139
0.010033,0.114469
0.008110,0.109284
0.006373,0.105016
0.004700,0.101024
0.003535,0.097822
0.002375,0.094990
0.001729,0.092565
0.000884,0.090346
-0.000083,0.088538
-0.000637,0.087044
-0.001072,0.085732
-0.001521,0.084442
-0.001944,0.083478
-0.002344,0.082612
-0.002585,0.081583
-0.002826,0.080866
-0.003015,0.080109
-0.003189,0.079808
-0.003497,0.079377
-0.003611,0.079026
-0.003651,0.078475
-0.003949,0.078351
-0.004004,0.077980
-0.004091,0.077893
-0.003984,0.077661
-0.004140,0.077586
-0.004222,0.077340
-0.004163,0.077255
-0.004404,0.077163
-0.004471,0.077141
-0.004411,0.076872
-0.004367,0.076844
-0.004563,0.076887
-0.004615,0.076702
-0.004501,0.076747
-0.004695,0.076854
-0.004670,0.076662
-0.004595,0.076652
-0.004670,0.076580
-0.004568,0.076685
-0.004635,0.076593
-0.004627,0.076540
-0.004538,0.076428
-0.004665,0.076476
-0.004737,0.076413
-0.004645,0.076498
-0.004342,0.076677
-0.002580,0.077066
-0.001484,0.077701
-0.000856,0.078057
-0.000689,0.078007
-0.000664,0.078229
-0.000294,0.078251
0.000171,0.078625
0.000591,0.078792
0.000531,0.078794
0.000548,0.078767
0.000384,0.078712
0.000464,0.078774
0.000427,0.078916
0.000302,0.078831
0.000350,0.078986
0.000444,0.078757
0.000392,0.078986
0.000439,0.078769
0.000509,0.078727
0.000504,0.078871
0.000511,0.078921
0.000305,0.078814
0.000417,0.078906
0.000476,0.078849
0.000494,0.078953
0.000501,0.078861
0.000424,0.078891
0.000377,0.078951
0.000606,0.078884
0.000300,0.078933
0.000456,0.078936
0.000315,0.078914
-0.000739,0.078530
-0.000699,0.078513
-0.000667,0.078600
-0.000545,0.078724
-0.000684,0.078734
-0.000617,0.078655
-0.000729,0.078732
-0.000701,0.078635
-0.000689,0.078637
-0.000662,0.078620
-0.000721,0.078747
-0.000811,0.078665
-0.000659,0.078794
-0.000634,0.078727
-0.000749,0.078879
-0.000704,0.078844
-0.000644,0.078727
-0.000510,0.078717
-0.000833,0.078697
-0.000639,0.078804
-0.000577,0.078869
-0.000754,0.078702
-0.000642,0.078811
-0.000674,0.078687
-0.000634,0.078809
-0.000624,0.078891
-0.000679,0.078881
-0.000518,0.078948
-0.000776,0.078789
-0.000560,0.078869
-0.000667,0.078906
-0.000565,0.078876
-0.000542,0.078884
-0.000505,0.078916
-0.000592,0.078968
-0.000523,0.079043
-0.000764,0.078864
-0.000677,0.078941
-0.000615,0.078943
-0.000592,0.078998
-0.000488,0.078983
-0.000590,0.078919
-0.000537,0.079145
-0.000448,0.078916
-0.000557,0.078998
-0.000627,0.078978
-0.000540,0.079073
-0.000433,0.078983
0.004298,0.081929
0.005727,0.083354
0.005680,0.083306
0.005260,0.083030
0.004797,0.082880
0.004474,0.082838
0.004345,0.082639
0.004233,0.082875
0.004290,0.082704
0.004258,0.082671
0.004268,0.082721
0.004124,0.082739
0.004251,0.082699
0.004122,0.082846
0.004333,0.082788
0.004238,0.082674
0.004216,0.082813
0.004169,0.082666
0.004174,0.082681
0.004377,0.082758
0.004273,0.082612
0.003721,0.082624
0.002280,0.081765
-0.002078,0.079339
-0.005920,0.074867
-0.009185,0.066973
-0.013153,0.056522
-0.018147,0.043298
-0.023343,0.028614
-0.029344,0.010463
-0.036831,-0.011021
-0.044740,-0.031729
-0.051841,-0.050608
-0.058550,-0.067235
-0.064318,-0.081322
-0.068912,-0.092926
-0.073335,-0.103527
-0.078044,-0.114180
-0.083759,-0.127373
-0.091675,-0.144740
-0.101232,-0.165314
-0.111897,-0.187774
-0.123026,-0.210820
-0.134593,-0.234149
-0.146853,-0.257612
-0.158716,-0.280477
-0.170121,-0.301818
-0.179946,-0.319381
-0.188248,-0.334226
-0.195220,-0.346218
-0.201084,-0.355781
-0.205852,-0.363306
-0.209801,-0.370356
-0.214656,-0.377476
-0.220811,-0.386737
-0.228926,-0.398473
-0.238011,-0.411696
-0.248258,-0.426284
-0.258660,-0.441033
-0.269799,-0.456530
-0.281825,-0.472647
-0.293534,-0.487969
-0.303500,-0.501431
-0.311661,-0.512052
-0.318158,-0.520282
-0.322860,-0.526664
-0.326646,-0.531341
-0.329405,-0.534929
-0.332804,-0.538951
-0.338459,-0.545229
-0.346515,-0.554781
-0.357257,-0.567011
-0.370466,-0.581952
-0.384287,-0.597743
-0.398858,-0.613849
-0.413751,-0.630128
-0.427617,-0.644663
-0.438751,-0.656634
-0.446501,-0.665118
-0.452544,-0.671259
-0.456518,-0.675798
-0.459641,-0.678839
-0.462451,-0.681633
-0.467254,-0.686372
-0.475042,-0.693678
-0.486194,-0.704045
-0.500847,-0.717632
-0.517713,-0.733352
-0.536166,-0.750759
-0.553179,-0.766059
-0.566416,-0.778373
-0.575903,-0.787004
-0.582396,-0.793157
-0.587087,-0.797239
-0.590066,-0.799913
-0.593923,-0.802989
-0.600736,-0.808574
-0.611669,-0.817310
-0.626369,-0.828967
-0.642960,-0.842040
-0.660120,-0.855853
-0.677559,-0.869507
-0.692965,-0.881465
-0.703960,-0.889932
-0.711484,-0.895769
-0.716603,-0.899838
-0.719897,-0.902181
-0.721925,-0.903942
-0.724748,-0.905847
-0.730262,-0.909408
-0.740208,-0.916366
-0.754412,-0.926187
-0.770980,-0.937547
-0.789465,-0.950210
-0.809930,-0.963839
-0.829455,-0.976918
-0.845015,-0.987354
-0.855419,-0.994551
-0.861952,-0.998896
-0.866166,-1.001807
-0.868753,-1.003431
-0.870139,-1.004462
-0.872534,-1.005817
-0.877492,-1.008556
-0.886882,-1.014273
-0.899206,-1.021550
-0.913661,-1.030076
-0.930490,-1.040147
-0.948858,-1.051012
-0.965936,-1.061152
-0.979309,-1.068573
-0.987728,-1.073740
-0.992986,-1.076850
-0.996233,-1.078738
-0.998229,-1.079950
-1.000010,-1.081103
-1.005037,-1.083506
-1.014497,-1.088126
-1.027169,-1.094705
-1.041191,-1.102193
-1.054919,-1.109280
-1.067575,-1.115852
-1.079899,-1.121806
-1.091180,-1.127566
-1.101003,-1.132118
-1.107329,-1.135524
-1.111389,-1.137636
-1.120325,-1.141493
-1.131211,-1.146845
-1.138921,-1.150234
-1.146105,-1.153765
-1.156093,-1.158477
-1.169432,-1.164393
-1.184810,-1.171274
-1.202033,-1.178792
-1.219859,-1.186840
-1.236258,-1.193601
-1.247795,-1.199055
-1.254604,-1.201953
-1.258092,-1.203415
-1.259770,-1.204175
-1.260875,-1.204700
-1.263363,-1.205701
-1.270223,-1.208303
-1.283527,-1.213361
-1.300955,-1.220212
-1.320819,-1.227747
-1.341073,-1.235678
-1.357619,-1.241971
-1.367362,-1.246110
-1.372401,-1.248075
-1.374747,-1.248899
-1.375885,-1.249325
-1.377570,-1.249922
-1.384000,-1.251967
-1.395594,-1.256073
-1.411194,-1.261517
-1.429124,-1.268004
-1.447070,-1.273876
-1.465134,-1.279910
-1.478515,-1.284434
-1.486022,-1.287084
-1.489789,-1.288227
-1.491210,-1.288844
-1.491995,-1.289173
-1.495064,-1.290100
-1.502131,-1.292269
-1.513275,-1.295727
-1.527359,-1.300110
-1.543018,-1.304944
-1.557775,-1.309379
-1.574349,-1.314026
-1.592312,-1.319200
-1.607427,-1.323471
-1.616333,-1.326138
-1.620467,-1.327301
-1.622062,-1.327814
-1.623059,-1.328060
-1.625310,-1.328496
-1.632250,-1.330222
-1.644488,-1.333509
-1.661231,-1.337847
-1.681268,-1.342974
-1.704829,-1.348884
-1.727098,-1.354123
-1.741060,-1.357500
-1.747429,-1.359088
-1.749985,-1.359718
-1.750960,-1.359880
-1.751603,-1.360134
-1.752522,-1.360224
-1.756960,-1.361046
-1.766070,-1.363128
-1.778054,-1.365790
-1.789529,-1.368335
-1.800392,-1.370678
-1.812399,-1.372994
-1.822773,-1.375260
-1.831269,-1.377008
-1.838837,-1.378681
-1.845253,-1.380006
-1.851845,-1.381207
-1.858810,-1.382521
-1.864732,-1.383916
-1.869773,-1.384713
-1.874261,-1.385604
-1.876947,-1.386329
-1.878207,-1.386419
-1.878736,-1.386448
-1.878960,-1.386585
-1.880945,-1.386974
-1.888598,-1.388249
-1.900883,-1.390512
-1.914440,-1.392933
-1.928420,-1.395446
-1.940759,-1.397617
-1.951725,-1.399739
-1.963515,-1.401855
-1.976801,-1.404151
-1.986177,-1.405606
-1.990861,-1.406706
-1.992843,-1.406689
-1.993554,-1.407127
-1.994123,-1.407100
-1.996563,-1.407737
-2.004932,-1.408992
-2.019789,-1.411283
-2.037821,-1.414013
-2.055930,-1.416797
-2.073451,-1.419374
-2.088335,-1.421608
-2.097454,-1.423122
-2.101584,-1.423630
-2.103229,-1.424006
-2.104024,-1.424038
-2.105410,-1.424183
-2.110273,-1.424688
-2.119986,-1.426282
-2.132216,-1.427955
-2.146802,-1.430199
-2.163053,-1.432438
-2.178143,-1.434268
-2.190513,-1.435824
-2.199845,-1.437169
-2.204383,-1.437876
-2.206224,-1.438033
-2.207312,-1.438227
-2.208234,-1.438250
-2.211984,-1.438683
-2.220698,-1.439844
-2.234750,-1.441689
-2.253495,-1.444079
-2.272372,-1.446331
-2.283211,-1.447675
-2.287895,-1.448188
-2.289999,-1.448450
-2.290981,-1.448716
-2.292248,-1.448846
-2.297968,-1.449411
-2.312822,-1.451137
-2.334554,-1.453602
-2.357852,-1.456306
-2.373042,-1.458169
-2.379905,-1.458891
-2.383123,-1.459374
-2.384507,-1.459407
-2.385364,-1.459486
-2.387314,-1.459770
-2.395179,-1.460687
-2.409213,-1.462051
-2.425742,-1.463839
-2.443571,-1.465799
-2.460318,-1.467610
-2.473257,-1.468984
-2.480892,-1.469876
-2.484282,-1.470177
-2.485951,-1.470423
-2.487037,-1.470441
-2.488767,-1.470573
-2.495165,-1.471185
-2.508650,-1.472341
-2.529711,-1.474435
-2.551881,-1.476746
-2.572010,-1.478766
-2.585774,-1.480100
-2.592853,-1.480848
-2.596106,-1.481189
-2.597783,-1.481380
-2.598856,-1.481463
-2.600524,-1.481480
-2.606348,-1.482070
-2.620459,-1.483290
-2.638819,-1.484981
-2.657155,-1.486558
-2.673468,-1.488116
-2.683954,-1.489048
-2.688906,-1.489675
-2.691246,-1.489785
-2.692658,-1.490079
-2.694845,-1.490183
-2.701710,-1.490801
-2.713746,-1.491695
-2.729545,-1.493109
-2.745945,-1.494556
-2.762988,-1.495981
-2.777325,-1.497168
-2.785351,-1.497813
-2.789205,-1.498301
-2.791205,-1.498478
-2.792709,-1.498496
-2.795020,-1.498732
-2.801781,-1.499280
-2.814943,-1.500368
-2.832727,-1.501852
-2.851099,-1.503411
-2.867002,-1.504629
-2.877076,-1.505518
-2.882035,-1.506118
-2.884624,-1.506151
-2.886274,-1.506233
-2.887606,-1.506255
-2.890252,-1.506611
-2.897222,-1.507157
-2.909540,-1.507958
-2.924436,-1.509266
-2.939638,-1.510511
-2.954574,-1.511724
-2.966727,-1.512740
-2.973528,-1.513355
-2.976682,-1.513477
-2.978796,-1.513552
-2.980508,-1.513651
-2.984698,-1.514042
-2.993347,-1.514597
-3.007036,-1.515636
-3.021356,-1.516687
-3.035678,-1.517698
-3.049546,-1.518773
-3.061737,-1.519667
-3.071256,-1.520350
-3.076265,-1.520786
-3.079098,-1.521102
-3.080736,-1.521055
-3.082085,-1.521167
-3.084351,-1.521401
-3.090426,-1.521724
-3.100375,-1.522469
-3.111515,-1.523326
-3.123745,-1.524117
-3.134738,-1.525049
-3.145703,-1.525729
-3.155841,-1.526306
-3.164762,-1.526999
-3.170276,-1.527420
-3.173255,-1.527576
-3.175176,-1.527925
-3.176679,-1.527885
-3.178448,-1.528129
-3.183239,-1.528316
-3.192286,-1.528869
-3.203083,-1.529725
-3.214108,-1.530512
-3.224584,-1.531135
-3.235199,-1.531884
-3.246679,-1.532726
-3.258342,-1.533603
-3.267218,-1.533882
-3.272314,-1.534459
-3.275194,-1.534616
-3.277264,-1.534669
-3.279143,-1.534855
-3.283044,-1.535000
-3.289840,-1.535530
-3.299794,-1.536143
-3.310610,-1.536900
-3.322475,-1.537512
-3.333731,-1.538185
-3.344523,-1.538850
-3.356403,-1.539843
-3.368034,-1.540463
-3.375225,-1.540817
-3.379323,-1.541180
-3.381768,-1.541320
-3.383579,-1.541544
-3.386156,-1.541494
-3.393538,-1.542007
-3.405706,-1.542817
-3.421137,-1.543775
-3.436655,-1.544816
-3.451770,-1.545618
-3.463769,-1.546502
-3.471397,-1.546891
-3.475684,-1.547149
-3.478459,-1.547306
-3.480223,-1.547403
-3.482231,-1.547553
-3.486058,-1.547760
-3.493900,-1.548238
-3.505114,-1.548843
-3.517250,-1.549914
-3.531515,-1.550621
-3.545027,-1.551443
-3.555712,-1.552033
-3.561521,-1.552446
-3.565062,-1.552608
-3.567202,-1.552635
-3.568757,-1.552857
-3.571329,-1.552972
-3.578520,-1.553183
-3.590641,-1.554162
-3.606534,-1.554892
-3.623341,-1.555880
-3.638762,-1.556752
-3.648634,-1.557212
-3.653959,-1.557554
-3.657482,-1.557641
-3.659684,-1.557688
-3.661533,-1.558017
-3.665073,-1.558146
-3.672448,-1.558662
-3.681473,-1.559038
-3.691320,-1.559685
-3.700984,-1.560213
-3.711353,-1.560771
-3.722637,-1.561655
-3.735264,-1.561956
-3.746496,-1.562796
-3.752800,-1.563149
-3.756902,-1.563535
-3.759538,-1.563445
-3.761477,-1.563553
-3.763743,-1.563789
-3.769184,-1.564095
-3.778194,-1.564549
-3.789142,-1.565174
-3.800518,-1.565602
-3.813762,-1.566416
-3.827610,-1.567071
-3.837875,-1.567634
-3.844062,-1.567930
-3.847814,-1.568164
-3.850207,-1.568314
-3.852130,-1.568416
-3.854722,-1.568585
-3.859892,-1.568700
-3.865526,-1.569041
-3.869760,-1.569200
-3.872277,-1.569444
-3.874277,-1.569542
-3.875877,-1.569654
-3.877376,-1.569686
-3.878655,-1.569820
-3.880057,-1.569791
-3.881520,-1.569992
-3.882773,-1.569965
-3.884060,-1.570067
-3.885332,-1.570072
-3.886567,-1.570134
-3.887809,-1.570323
-3.889178,-1.570266
-3.890498,-1.570341
-3.891586,-1.570224
-3.892794,-1.570383
-3.894091,-1.570418
-3.895209,-1.570543
-3.896427,-1.570480
-3.897537,-1.570650
-3.898844,-1.570774
-3.900037,-1.571001
-3.901168,-1.570737
-3.902169,-1.570966
-3.898332,-1.570864
-3.882447,-1.570318
-3.861520,-1.569464
-3.844959,-1.568926
-3.836520,-1.568563
-3.832823,-1.568331
-3.831568,-1.568538
-3.831469,-1.568366
-3.831953,-1.568376
-3.832502,-1.568478
-3.828942,-1.568394
-3.815886,-1.567701
-3.800088,-1.567338
-3.784635,-1.566591
-3.773086,-1.566162
-3.767627,-1.565918
-3.765159,-1.565980
-3.764441,-1.565916
-3.764583,-1.565801
-3.761432,-1.565766
-3.749254,-1.565311
-3.729857,-1.564653
-3.713500,-1.563968
-3.703645,-1.563508
-3.698934,-1.563221
-3.696807,-1.563304
-3.696325,-1.563139
-3.695346,-1.563201
-3.683764,-1.562646
-3.664211,-1.561834
-3.645389,-1.560938
-3.631442,-1.560407
-3.624417,-1.560151
-3.621393,-1.559802
-3.620347,-1.559805
-3.619629,-1.559800
-3.611161,-1.559419
-3.590564,-1.558597
-3.569438,-1.557626
-3.555866,-1.557068
-3.550126,-1.556866
-3.547328,-1.556752
-3.546503,-1.556690
-3.546086,-1.556677
-3.538549,-1.556301
-3.520390,-1.555614
-3.506220,-1.554949
-3.498996,-1.554630
-3.495878,-1.554530
-3.494755,-1.554371
-3.494196,-1.554224
-3.492006,-1.554279
-3.479063,-1.553891
-3.461963,-1.552907
-3.446706,-1.552157
-3.438653,-1.551896
-3.435122,-1.551734
-3.433574,-1.551642
-3.431640,-1.551530
-3.415989,-1.550872
-3.393126,-1.549605
-3.378538,-1.548741
-3.371615,-1.548629
-3.368417,-1.548574
-3.366904,-1.548362
-3.358520,-1.547959
-3.337354,-1.546985
-3.320855,-1.546119
-3.312581,-1.545695
-3.309092,-1.545563
-3.307549,-1.545461
-3.306868,-1.545322
-3.301310,-1.545030
-3.279575,-1.543905
-3.257150,-1.542879
-3.237783,-1.541748
-3.219420,-1.540817
-3.200660,-1.539963
-3.185639,-1.538999
-3.177598,-1.538523
-3.173603,-1.538401
-3.171811,-1.538362
-3.171178,-1.538324
-3.170872,-1.538309
-3.170884,-1.538155
-3.171004,-1.538137
-3.171024,-1.538093
-3.171371,-1.538182
-3.171314,-1.538180
-3.173496,-1.538030
-3.174646,-1.538197
-3.176831,-1.538060
-3.176875,-1.538095
-3.174865,-1.537916
-3.170112,-1.537600
-3.164424,-1.537480
-3.160490,-1.537380
-3.158177,-1.537186
-3.157235,-1.537206
-3.153752,-1.536950
-3.147669,-1.536760
-3.139837,-1.536138
-3.132969,-1.535819
-3.126801,-1.535465
-3.117692,-1.535069
-3.103787,-1.534400
-3.090198,-1.533575
-3.080323,-1.533072
-3.073984,-1.532604
-3.067969,-1.532373
-3.060576,-1.531865
-3.044656,-1.531008
-3.022897,-1.529666
-3.004305,-1.528478
-2.982655,-1.527400
-2.956416,-1.525676
-2.926635,-1.523784
-2.907763,-1.522544
-2.898820,-1.522160
-2.894762,-1.521844
-2.892944,-1.521692
-2.892138,-1.521553
-2.891902,-1.521490
-2.891594,-1.521652
-2.891555,-1.521572
-2.891681,-1.521473
-2.891398,-1.521500
-2.888831,-1.521406
-2.883069,-1.520933
-2.875508,-1.520422
-2.863384,-1.519710
-2.844716,-1.518452
-2.820509,-1.516931
-2.797740,-1.515524
-2.781209,-1.514276
-2.769806,-1.513494
-2.758170,-1.512772
-2.742876,-1.511639
-2.720682,-1.510220
-2.698475,-1.508539
-2.682378,-1.507328
-2.673157,-1.506614
-2.666297,-1.506225
-2.661170,-1.505849
-2.657895,-1.505471
-2.653656,-1.505107
-2.640519,-1.504280
-2.618225,-1.502769
-2.599684,-1.501332
-2.590609,-1.500714
-2.586470,-1.500388
-2.584586,-1.500206
-2.583706,-1.500089
-2.583289,-1.500037
-2.583234,-1.500082
-2.583130,-1.499995
-2.582648,-1.500097
-2.581194,-1.499935
-2.577770,-1.499654
-2.571918,-1.499213
-2.560111,-1.498316
-2.541708,-1.496865
-2.518132,-1.494927
-2.496668,-1.493304
-2.481588,-1.492228
-2.471644,-1.491371
-2.463514,-1.490524
-2.453733,-1.489865
-2.444515,-1.489030
-2.433221,-1.488209
-2.416993,-1.486921
-2.402683,-1.485554
-2.394893,-1.484897
-2.391819,-1.484478
-2.389978,-1.484423
-2.389523,-1.484354
-2.388433,-1.484222
-2.382767,-1.483781
-2.369150,-1.482623
-2.350599,-1.480942
-2.330658,-1.479065
-2.308355,-1.476970
-2.280438,-1.474408
-2.248647,-1.471584
-2.224987,-1.469151
-2.211942,-1.467876
-2.205662,-1.467308
-2.203108,-1.466972
-2.202184,-1.466798
-2.201580,-1.466626
-2.201540,-1.466745
-2.201277,-1.466721
-2.201294,-1.466688
-2.199796,-1.466676
-2.193964,-1.466153
-2.185347,-1.465124
-2.176096,-1.464245
-2.165883,-1.463174
-2.155049,-1.462051
-2.144896,-1.461073
-2.136890,-1.460089
-2.129279,-1.459310
-2.120520,-1.458371
-2.111488,-1.457195
-2.102309,-1.456217
-2.094179,-1.455584
-2.086985,-1.454650
-2.080806,-1.454120
-2.074365,-1.453276
-2.066014,-1.452479
-2.056333,-1.451403
-2.038524,-1.449344
-2.003953,-1.445163
-1.977656,-1.441933
-1.964944,-1.440441
-1.959758,-1.439657
-1.957539,-1.439346
-1.956679,-1.439124
-1.956282,-1.439112
-1.956118,-1.439116
-1.955524,-1.439079
-1.952115,-1.438559
-1.945714,-1.437827
-1.936316,-1.436614
-1.924794,-1.434985
-1.912119,-1.433566
-1.898746,-1.431798
-1.884217,-1.429731
-1.864413,-1.426852
-1.836715,-1.422850
-1.824734,-1.420945
-1.821799,-1.420569
-1.820681,-1.420295
-1.819916,-1.420325
-1.819662,-1.420213
-1.819478,-1.420176
-1.819555,-1.420253
-1.819523,-1.420295
-1.819337,-1.420154
-1.819165,-1.420024
-1.812215,-1.419152
-1.794098,-1.416358
-1.770714,-1.412583
-1.746191,-1.408559
-1.720965,-1.404323
-1.698997,-1.400316
-1.680224,-1.396631
-1.665877,-1.393807
-1.655501,-1.391825
-1.650032,-1.390889
-1.647326,-1.390256
-1.646093,-1.390141
-1.645541,-1.389965
-1.645348,-1.389823
-1.645194,-1.389813
-1.640766,-1.389106
-1.624172,-1.385637
-1.595823,-1.379717
-1.560732,-1.371801
-1.525505,-1.363436
-1.490842,-1.354641
-1.464702,-1.347571
-1.449510,-1.343164
-1.441529,-1.341044
-1.437958,-1.339866
-1.436211,-1.339361
-1.435356,-1.339289
-1.435138,-1.339139
-1.435053,-1.338965
-1.433667,-1.338689
-1.430007,-1.337832
-1.421044,-1.335035
-1.409793,-1.331915
-1.397386,-1.328093
-1.382117,-1.323640
-1.358792,-1.316416
-1.327307,-1.306176
-1.291242,-1.293895
-1.256778,-1.281214
-1.234266,-1.272476
-1.221096,-1.267558
-1.214176,-1.264699
-1.210633,-1.263307
-1.208933,-1.262558
-1.208215,-1.262314
-1.207730,-1.261988
-1.207661,-1.262085
-1.207343,-1.261803
-1.204580,-1.261113
-1.197958,-1.258501
-1.187164,-1.254313
-1.174116,-1.249382
-1.160792,-1.243806
-1.143143,-1.236811
-1.114103,-1.224754
-1.076843,-1.208562
-1.047520,-1.194924
-1.029217,-1.186282
-1.018780,-1.181043
-1.012931,-1.178050
-1.010340,-1.176742
-1.008985,-1.176088
-1.008692,-1.175995
-1.008784,-1.175941
-1.008724,-1.175834
-1.005892,-1.174743
-0.998452,-1.171271
-0.987909,-1.166450
-0.978067,-1.161338
-0.970269,-1.157493
-0.963160,-1.153847
-0.954926,-1.149798
-0.947499,-1.145859
-0.939659,-1.141949
-0.932155,-1.138112
-0.923036,-1.133507
-0.907406,-1.125728
-0.880128,-1.111320
-0.849063,-1.093943
-0.823939,-1.079375
-0.807860,-1.069272
-0.797501,-1.063074
-0.791055,-1.058995
-0.787492,-1.056679
-0.785429,-1.055419
-0.783993,-1.054640
-0.783327,-1.054134
-0.782751,-1.053701
-0.780062,-1.052214
-0.773572,-1.048536
-0.763605,-1.042642
-0.752789,-1.035737
-0.742124,-1.029030
-0.731936,-1.022695
-0.722477,-1.016263
-0.714908,-1.011198
-0.709061,-1.007323
-0.704437,-1.004210
-0.698911,-1.000799
-0.693330,-0.997093
-0.687342,-0.993092
-0.679075,-0.987603
-0.670271,-0.981719
-0.662426,-0.976315
-0.652263,-0.969305
-0.636182,-0.958483
-0.616298,-0.944249
-0.597913,-0.930615
-0.585521,-0.920945
-0.577319,-0.914408
-0.571910,-0.909933
-0.568341,-0.907124
-0.566252,-0.905329
-0.563325,-0.903294
-0.558094,-0.899412
-0.549420,-0.892973
-0.537296,-0.883801
-0.523983,-0.873058
-0.509268,-0.860737
-0.494446,-0.847930
-0.476396,-0.832727
-0.454492,-0.813448
-0.430728,-0.791695
-0.406762,-0.768414
-0.389105,-0.750423
-0.375287,-0.736141
-0.366262,-0.726210
-0.359374,-0.718812
-0.354454,-0.713533
-0.350933,-0.709498
-0.346918,-0.705175
-0.342080,-0.700300
-0.336069,-0.694156
-0.328073,-0.685475
-0.318126,-0.674713
-0.306423,-0.661632
-0.293015,-0.646327
-0.278739,-0.629705
-0.265055,-0.612694
-0.252052,-0.596191
-0.239489,-0.579726
-0.227587,-0.563781
-0.215908,-0.547926
-0.205072,-0.532618
-0.195297,-0.518275
-0.186066,-0.504882
-0.175953,-0.489934
-0.167000,-0.476111
-0.159734,-0.464262
-0.153833,-0.455073
-0.149343,-0.447398
-0.145626,-0.441404
-0.142525,-0.436663
-0.139630,-0.431904
-0.136668,-0.426740
-0.133025,-0.420980
-0.128600,-0.413661
-0.123178,-0.404920
-0.117763,-0.395393
-0.112076,-0.385915
-0.104492,-0.372757
-0.091683,-0.350741
-0.077368,-0.323413
-0.063552,-0.295685
-0.052487,-0.272959
-0.043711,-0.253657
-0.036204,-0.237182
-0.030099,-0.223381
-0.025132,-0.211468
-0.020903,-0.201016
-0.017290,-0.192361
-0.014261,-0.184955
-0.011746,-0.178699
-0.009416,-0.173216
-0.007664,-0.168417
-0.005788,-0.164535
-0.004511,-0.160802
-0.003112,-0.157901
-0.002153,-0.155214
-0.001193,-0.152886
-0.000463,-0.150856
0.000156,-0.149280
0.000442,-0.147980
0.001050,-0.146889
0.001262,-0.145779
0.001920,-0.144927
0.002124,-0.144010
0.002409,-0.143236
0.002770,-0.142307
0.002884,-0.141715
0.003279,-0.141177
0.003384,-0.140624
0.003463,-0.140215
0.003662,-0.139772
0.003622,-0.139573
0.003637,-0.139316
0.003848,-0.139140
0.003953,-0.138866
0.004044,-0.138746
0.004084,-0.138462
0.004012,-0.138333
0.004186,-0.138223
0.004119,-0.138066
0.004169,-0.138139
0.004166,-0.138024
0.004174,-0.137914
0.004305,-0.137959
0.004405,-0.137904
0.004293,-0.137760
0.004323,-0.137621
0.004402,-0.137743
0.004457,-0.137685
0.004454,-0.137593
0.004335,-0.137424
0.004497,-0.137514
0.004397,-0.137578
0.004385,-0.137479
0.004479,-0.137501
0.004355,-0.137471
0.004355,-0.137484
0.004387,-0.137362
0.004385,-0.137563
0.004295,-0.137387
0.002551,-0.138196
0.001363,-0.138567
0.000782,-0.138980
0.000760,-0.139035
0.000678,-0.139165
0.000322,-0.139284
-0.000287,-0.139431
-0.000386,-0.139747
-0.000662,-0.139760
-0.000503,-0.139770
-0.000513,-0.139700
-0.000602,-0.139732
-0.000570,-0.139785
-0.000637,-0.139725
-0.000555,-0.139635
-0.000570,-0.139725
-0.000523,-0.139583
-0.000585,-0.139770
-0.000438,-0.139735
-0.000498,-0.139700
-0.000540,-0.139837
-0.000552,-0.139683
-0.000346,-0.139563
-0.000590,-0.139717
-0.000619,-0.139690
-0.000779,-0.139683
-0.000490,-0.139752
-0.000535,-0.139787
-0.000349,-0.139800
0.000109,-0.139426
0.000593,-0.139294
0.000737,-0.139311
0.000601,-0.139341
0.000760,-0.139247
0.000586,-0.139297
0.000536,-0.139324
0.000613,-0.139354
0.000680,-0.139394
0.000635,-0.139369
0.000598,-0.139344
0.000541,-0.139306
0.000596,-0.139451
0.000586,-0.139262
0.000668,-0.139329
0.000643,-0.139404
0.000528,-0.139364
0.000638,-0.139511
0.000528,-0.139384
0.000486,-0.139311
0.000633,-0.139306
0.000566,-0.139316
0.000439,-0.139404
0.000504,-0.139414
0.000340,-0.139354
0.000456,-0.139306
0.000531,-0.139359
0.000727,-0.139272
0.000538,-0.139344
0.000434,-0.139414
-0.003161,-0.141159
-0.006260,-0.143555
-0.006084,-0.143684
-0.005557,-0.143572
-0.005199,-0.143288
-0.004916,-0.143229
-0.004722,-0.143027
-0.004553,-0.143114
-0.004675,-0.143144
-0.004389,-0.143024
-0.004588,-0.143124
-0.004575,-0.143194
-0.004516,-0.143024
-0.004555,-0.143164
-0.004461,-0.143052
-0.004570,-0.143117
-0.004645,-0.143007
-0.004550,-0.143209
-0.004600,-0.143119
-0.004687,-0.142950
-0.004583,-0.143134
-0.004630,-0.142980
-0.004414,-0.143072
-0.004588,-0.142947
-0.004518,-0.143124
-0.004131,-0.142955
-0.002714,-0.142335
-0.000304,-0.141002
0.001550,-0.139879
0.002591,-0.139227
0.002974,-0.138856
0.003724,-0.138099
0.004922,-0.135912
0.007295,-0.130700
0.011213,-0.120595
0.016083,-0.107023
0.022184,-0.090207
0.028137,-0.072785
0.034493,-0.054567
0.041632,-0.035467
0.048689,-0.017117
0.056757,0.003134
0.064619,0.023324
0.071999,0.041117
0.078497,0.056766
0.084448,0.070785
0.089428,0.082437
0.093634,0.092191
0.097419,0.100748
0.100386,0.107850
0.103415,0.114098
0.106796,0.121302
0.111942,0.131806
0.118639,0.145778
0.127152,0.162834
0.137218,0.181782
0.148079,0.202735
0.160178,0.225393
0.172920,0.248535
0.186012,0.271440
0.197775,0.291219
0.208057,0.308208
0.216491,0.321682
0.223031,0.332345
0.228689,0.340695
0.233942,0.348890
0.241334,0.359105
0.252849,0.374671
0.267129,0.394127
0.284709,0.417585
0.302319,0.440782
0.320115,0.463535
0.335876,0.483130
0.347935,0.498251
0.357695,0.509962
0.364590,0.518578
0.370191,0.525524
0.374724,0.530539
0.381728,0.537910
0.391988,0.549029
0.405080,0.563255
0.420399,0.579494
0.437025,0.596679
0.454377,0.614392
0.470766,0.631119
0.484160,0.644815
0.494352,0.655187
0.501441,0.662047
0.506553,0.667279
0.510280,0.670477
0.512747,0.673076
0.516228,0.676167
0.523380,0.682402
0.535600,0.693113
0.552355,0.707628
0.572606,0.725284
0.594142,0.744003
0.613183,0.760266
0.628124,0.772914
0.638561,0.781685
0.645742,0.787357
0.650282,0.791723
0.653783,0.794561
0.659441,0.798807
0.670498,0.806913
0.686349,0.818642
0.706853,0.833665
0.728844,0.849824
0.751428,0.866013
0.770775,0.879804
0.784429,0.889745
0.793561,0.896200
0.799395,0.900331
0.803075,0.903058
0.805855,0.904778
0.810221,0.907993
0.821358,0.914665
0.838128,0.924996
0.858215,0.937754
0.878109,0.950641
0.897262,0.962509
0.915744,0.973979
0.933140,0.984625
0.946553,0.992685
0.955160,0.997902
0.960406,1.001035
0.963437,1.003114
0.965681,1.004200
0.969135,1.006050
0.978694,1.011173
0.996252,1.020389
1.018578,1.032091
1.042534,1.044723
1.067084,1.057389
1.089755,1.068704
1.109209,1.078257
1.123096,1.085259
1.131281,1.089239
1.136047,1.091721
1.138557,1.092937
1.139990,1.093768
1.141138,1.094234
1.145835,1.096149
1.158000,1.101590
1.176902,1.110239
1.198788,1.119796
1.220123,1.129020
1.241246,1.138154
1.260946,1.146660
1.275485,1.152829
1.284393,1.156522
1.289111,1.158536
1.291725,1.159624
1.293082,1.160190
1.294461,1.160566
1.299543,1.162536
1.312536,1.167274
1.331611,1.174516
1.353368,1.182619
1.372492,1.189940
1.391289,1.196803
1.409016,1.203131
1.427244,1.209576
1.441418,1.214596
1.449874,1.217694
1.454383,1.219039
1.456707,1.219855
1.457924,1.220294
1.462526,1.221770
1.474500,1.225426
1.491636,1.230959
1.511435,1.237371
1.532332,1.243590
1.552852,1.249631
1.573707,1.256250
1.592616,1.261365
1.608770,1.265989
1.618075,1.268634
1.623418,1.270103
1.625669,1.270653
1.626717,1.271169
1.630266,1.272147
1.638799,1.274194
1.651675,1.277566
1.668664,1.281765
1.687946,1.286640
1.708557,1.291765
1.732652,1.297386
1.757048,1.303001
1.778733,1.308039
1.791798,1.311057
1.798813,1.312613
1.802098,1.313268
1.803430,1.313717
1.804019,1.313863
1.804757,1.313943
1.809863,1.314862
1.824744,1.317952
1.848010,1.322826
1.873971,1.328195
1.900524,1.333103
1.927648,1.338185
1.947034,1.341731
1.957386,1.343666
1.962197,1.344491
1.964572,1.344964
1.965514,1.345128
1.966677,1.345310
1.972541,1.346274
1.988851,1.348990
2.013118,1.352865
2.041798,1.357405
2.071148,1.361825
2.097962,1.365926
2.117771,1.368795
2.128244,1.370493
2.133003,1.371258
2.135184,1.371577
2.136282,1.371651
2.137560,1.371706
2.146209,1.372869
2.169176,1.376189
2.203084,1.380619
2.243229,1.385577
2.277914,1.390109
2.300116,1.392875
2.310972,1.393919
2.315763,1.394748
2.318094,1.395015
2.319065,1.394977
2.320429,1.395201
2.329240,1.396334
2.350021,1.398466
2.381153,1.401902
2.416907,1.405932
2.444277,1.408952
2.458075,1.410367
2.464673,1.411091
2.467726,1.411460
2.469297,1.411684
2.470658,1.411619
2.475303,1.412209
2.489734,1.413577
2.513492,1.416049
2.539115,1.418552
2.565255,1.421217
2.589176,1.423368
2.604341,1.424944
2.611584,1.425495
2.615192,1.425988
2.616860,1.425968
2.618159,1.426222
2.624935,1.426872
2.645686,1.428697
2.677509,1.431698
2.714128,1.434878
2.747588,1.437976
2.769328,1.439848
2.780904,1.440678
2.786396,1.441260
2.788915,1.441577
2.790349,1.441611
2.793791,1.441963
2.807534,1.442999
2.833406,1.445023
2.866608,1.447698
2.898901,1.450282
2.928890,1.452693
2.951367,1.454553
2.963906,1.455529
2.970297,1.455843
2.973388,1.456241
2.975636,1.456575
2.982890,1.457003
3.001349,1.458366
3.031751,1.460759
3.070273,1.463583
3.104014,1.465709
3.125341,1.467515
3.136501,1.468175
3.142248,1.468623
3.145294,1.468675
3.146994,1.468914
3.147583,1.468934
3.147946,1.469051
3.148224,1.469108
3.148375,1.469113
3.153815,1.469335
3.176330,1.470964
3.211942,1.473402
3.249072,1.475976
3.279457,1.477924
3.298108,1.479216
3.308218,1.479774
3.313238,1.480138
3.316013,1.480339
3.318332,1.480444
3.328770,1.481019
3.355942,1.482832
3.394091,1.485225
3.427099,1.487155
3.452650,1.488943
3.466620,1.489722
3.474241,1.490116
3.478209,1.490313
3.480493,1.490529
3.485326,1.490753
3.501991,1.491804
3.528626,1.493293
3.559922,1.495296
3.588162,1.496937
3.607494,1.498102
3.617868,1.498607
3.623610,1.498939
3.626808,1.499173
3.628622,1.499322
3.634966,1.499529
3.650367,1.500363
3.677277,1.501929
3.707880,1.503533
3.731722,1.504870
3.745624,1.505720
3.753235,1.506115
3.757248,1.506225
3.759649,1.506382
3.765287,1.506703
3.781701,1.507585
3.811146,1.509343
3.845320,1.510914
3.869823,1.512358
3.884026,1.513066
3.891997,1.513477
3.896308,1.513785
3.900368,1.513838
3.912962,1.514687
3.938925,1.515855
3.969218,1.517299
3.998041,1.518808
4.016841,1.519685
4.028103,1.520382
4.034340,1.520614
4.037878,1.520793
4.039973,1.520870
4.044174,1.521022
4.057008,1.521734
4.079444,1.522773
4.104153,1.524082
4.121527,1.524705
4.133168,1.525273
4.140130,1.525537
4.144161,1.525836
4.146335,1.525967
4.148360,1.525970
4.154589,1.526456
4.170529,1.527061
4.194078,1.528146
4.220770,1.529372
4.247231,1.530549
4.266093,1.531633
4.277881,1.532141
4.284463,1.532415
4.288347,1.532532
4.292382,1.532636
4.302456,1.533022
4.320008,1.534091
4.338540,1.534748
4.354522,1.535463
4.368797,1.536090
4.380702,1.536563
4.390117,1.536992
4.396086,1.537154
4.399423,1.537385
4.401401,1.537507
4.402633,1.537589
4.403309,1.537562
4.403766,1.537577
4.403848,1.537393
4.403987,1.537729
4.404012,1.537751
4.404012,1.537617
4.403935,1.537632
4.403784,1.537674
4.403699,1.537582
4.403677,1.537759
4.403553,1.537614
4.403406,1.537729
4.403535,1.537652
4.403500,1.537689
4.403155,1.537686
4.403287,1.537584
4.403239,1.537679
4.403078,1.537597
4.403041,1.537582
4.403210,1.537609
4.403038,1.537515
4.402872,1.537619
4.402976,1.537652
4.402899,1.537679
4.402817,1.537520
4.402752,1.537530
4.402795,1.537487
4.402554,1.537512
4.402487,1.537510
4.402477,1.537567
4.402467,1.537549
4.402402,1.537427
4.402193,1.537505
4.402211,1.537507
4.402216,1.537654
4.401999,1.537530
4.401925,1.537562
4.402002,1.537517
4.401922,1.537445
4.401888,1.537527
4.401719,1.537390
4.401659,1.537602
4.401490,1.537572
4.401604,1.537507
4.401532,1.537475
4.401299,1.537562
4.401257,1.537430
4.401366,1.537540
4.401289,1.537432
4.401184,1.537507
4.401165,1.537405
4.401045,1.537525
4.400834,1.537477
4.400847,1.537562
4.400916,1.537495
