0.000173,-0.000021
0.000243,-0.000071
0.000051,0.000183
0.000019,0.000001
0.000012,0.000026
0.000151,0.000004
0.000123,0.000083
0.000146,-0.000069
0.000099,0.000086
0.000106,-0.000074
0.000064,0.000011
0.000208,-0.000051
0.000074,-0.000014
0.000094,0.000136
0.000069,-0.000001
0.000059,0.000073
0.000056,-0.000036
0.000114,0.000051
0.000069,0.000016
0.000109,0.000198
0.000173,0.000041
0.000156,0.000009
0.000037,0.000016
0.000084,0.000113
-0.000006,0.000160
-0.000013,0.000011
-0.004073,-0.001306
-0.006205,-0.001926
-0.005907,-0.001934
-0.005326,-0.001814
-0.004928,-0.001720
-0.004747,-0.001548
-0.004697,-0.001458
-0.004560,-0.001598
-0.004456,-0.001595
-0.004349,-0.001637
-0.004379,-0.001498
-0.004541,-0.001520
-0.004362,-0.001593
-0.004461,-0.001518
-0.004439,-0.001468
-0.004471,-0.001540
-0.004483,-0.001593
-0.004454,-0.001451
-0.004545,-0.001468
-0.004476,-0.001451
-0.004459,-0.001411
-0.004605,-0.001493
-0.004456,-0.001483
-0.004550,-0.001520
-0.004459,-0.001503
-0.004652,-0.001505
-0.004461,-0.001618
-0.004337,-0.001550
-0.004372,-0.001563
-0.004545,-0.001398
-0.004526,-0.001500
-0.004630,-0.001481
-0.004367,-0.001575
-0.004652,-0.001411
-0.004454,-0.001515
-0.004481,-0.001406
-0.004600,-0.001535
-0.004406,-0.001540
-0.004456,-0.001406
-0.004334,-0.001451
-0.004665,-0.001473
-0.004719,-0.001560
-0.004359,-0.001451
-0.001651,-0.000512
0.004184,0.001677
0.009797,0.004678
0.014168,0.007046
0.017207,0.008784
0.019187,0.009783
0.020360,0.010485
0.022335,0.011404
0.024532,0.012938
0.027012,0.014407
0.029372,0.015896
0.032004,0.017502
0.035284,0.019537
0.039269,0.021922
0.043869,0.024624
0.048227,0.027344
0.052188,0.029597
0.055291,0.031552
0.058517,0.033382
0.062174,0.035726
0.066600,0.038164
0.071477,0.041615
0.076735,0.044952
0.081454,0.047861
0.085437,0.050590
0.089795,0.053449
0.093808,0.056058
0.098075,0.058982
0.102565,0.061970
0.107487,0.065519
0.113235,0.069463
0.118992,0.073492
0.125184,0.077825
0.131394,0.082064
0.137071,0.086075
0.142327,0.089948
0.147766,0.093825
0.152755,0.097189
0.157981,0.101027
0.164285,0.105611
0.172850,0.111645
0.181547,0.118027
0.189893,0.124265
0.197246,0.129734
0.204044,0.134640
0.210709,0.139513
0.217293,0.144371
0.223495,0.149158
0.229849,0.153762
0.235758,0.158294
0.240444,0.161902
0.243819,0.164480
0.246793,0.166796
0.251792,0.170416
0.258966,0.175858
0.265111,0.180465
0.269305,0.183654
0.272551,0.186157
0.276039,0.188782
0.281923,0.193317
0.289030,0.198623
0.295699,0.203626
0.301889,0.208975
0.308096,0.213286
0.314047,0.218012
0.320525,0.223092
0.330332,0.230505
0.340980,0.239092
0.350159,0.245858
0.356763,0.251177
0.361412,0.254917
0.365850,0.258401
0.371344,0.262417
0.378165,0.267672
0.384645,0.272779
0.391675,0.278096
0.397954,0.282840
0.403500,0.287601
0.408631,0.291399
0.414418,0.296001
0.419950,0.300306
0.426418,0.305282
0.433536,0.310640
0.440767,0.316246
0.447409,0.321413
0.454685,0.327081
0.463155,0.333526
0.472136,0.340354
0.481645,0.347687
0.490312,0.354752
0.497545,0.360206
0.502634,0.364145
0.507805,0.368262
0.514541,0.373190
0.520309,0.377677
0.524878,0.381186
0.529231,0.384408
0.533958,0.388056
0.540279,0.392735
0.549115,0.399790
0.557958,0.406349
0.564379,0.411283
0.568770,0.414567
0.572542,0.417560
0.577201,0.420835
0.582382,0.424807
0.587379,0.428515
0.591864,0.431884
0.595509,0.434730
0.598322,0.436752
0.600185,0.438144
0.601420,0.439091
0.603445,0.440625
0.607155,0.443394
0.613588,0.448073
0.621018,0.453810
0.629014,0.459770
0.637994,0.466296
0.648656,0.474322
0.660427,0.483018
0.671961,0.491724
0.682037,0.498970
0.693169,0.507121
0.705218,0.515588
0.714367,0.522652
0.720800,0.527068
0.725057,0.530402
0.727974,0.532349
0.729696,0.533687
0.730807,0.534498
0.731639,0.535191
0.733505,0.536558
0.738216,0.539720
0.745619,0.544890
0.754124,0.551041
0.762804,0.557124
0.769341,0.562075
0.774229,0.565394
0.777991,0.568109
0.782103,0.571159
0.787398,0.574698
0.793640,0.579302
0.803187,0.585924
0.814858,0.594024
0.828661,0.603525
0.842206,0.612973
0.854573,0.621611
0.865046,0.628950
0.873010,0.634411
0.878613,0.638173
0.882226,0.640756
0.884485,0.642325
0.886187,0.643400
0.887954,0.644675
0.890041,0.645883
0.892081,0.647554
0.894389,0.648911
0.895736,0.650029
0.897217,0.651025
0.900224,0.652609
0.906369,0.657174
0.915495,0.663280
0.925176,0.669453
0.933838,0.675146
0.941345,0.680261
0.948762,0.685321
0.955918,0.690296
0.963435,0.695287
0.970337,0.699714
0.977223,0.704246
0.984993,0.709379
0.993372,0.715086
1.001857,0.720612
1.009501,0.725635
1.016359,0.730202
1.022668,0.734328
1.028159,0.737847
1.031916,0.740367
1.034662,0.742080
1.037144,0.743739
1.041140,0.746234
1.046855,0.749847
1.052751,0.753657
1.058918,0.757788
1.065339,0.761967
1.071966,0.766288
1.078680,0.770441
1.084201,0.774089
1.089183,0.777180
1.093587,0.780009
1.097132,0.782195
1.100465,0.784556
1.103548,0.786521
1.105894,0.788082
1.107588,0.789018
1.108764,0.789750
1.109581,0.790159
1.110434,0.790749
1.111169,0.791147
1.111828,0.791596
1.112894,0.792318
1.114904,0.793533
1.118713,0.795944
1.123578,0.799039
1.128727,0.802249
1.134328,0.805792
1.140979,0.809988
1.150384,0.815703
1.162306,0.823276
1.173975,0.830224
1.183308,0.836061
1.190069,0.840401
1.195034,0.843295
1.198488,0.845347
1.202590,0.847877
1.209411,0.852043
1.220764,0.858635
1.235007,0.867199
1.249059,0.876495
1.261843,0.882862
1.272257,0.890044
1.283073,0.896312
1.293624,0.902520
1.303548,0.908285
1.312620,0.913442
1.320109,0.917812
1.326438,0.921361
1.331231,0.924177
1.334578,0.926234
1.336984,0.927522
1.338996,0.928754
1.341262,0.930076
1.343158,0.931277
1.344570,0.931857
1.345238,0.932328
1.347303,0.933540
1.352626,0.936230
1.360316,0.940657
1.369391,0.945874
1.380448,0.952319
1.392281,0.958809
1.404980,0.965799
1.418051,0.973107
1.431884,0.980792
1.444049,0.987421
1.452411,0.992075
1.457775,0.995089
1.460909,0.996692
1.462934,0.997813
1.464027,0.998393
1.464626,0.998717
1.465379,0.999038
1.467200,1.000004
1.469789,1.001302
1.474615,1.004038
1.481744,1.007609
1.492582,1.013357
1.504957,1.020035
1.517846,1.026650
1.531186,1.033366
1.544373,1.040259
1.556591,1.046539
1.566081,1.051402
1.573791,1.055357
1.581211,1.059007
1.589580,1.063126
1.598883,1.067606
1.608603,1.072270
1.617315,1.076541
1.624118,1.079900
1.628944,1.082166
1.632338,1.083837
1.635568,1.085488
1.638878,1.087062
1.641162,1.088093
1.642615,1.088833
1.643550,1.089368
1.644516,1.089774
1.646193,1.090548
1.649257,1.091833
1.655514,1.094929
1.664203,1.099060
1.673907,1.103490
1.683831,1.108022
1.694342,1.112893
1.703824,1.117383
1.711872,1.120834
1.718203,1.123626
1.722855,1.125760
1.728080,1.128068
1.734566,1.130860
1.740355,1.133298
1.745139,1.135574
1.749412,1.137392
1.753174,1.138998
1.756845,1.140535
1.759434,1.141640
1.761899,1.142778
1.764309,1.143871
1.766312,1.144661
1.767611,1.145234
1.769092,1.145921
1.771674,1.146934
1.774181,1.147958
1.777031,1.149332
1.780691,1.150804
1.785720,1.152874
1.792154,1.155595
1.799449,1.158367
1.806317,1.161403
1.813277,1.164112
1.819907,1.166734
1.826295,1.169419
1.831796,1.171670
1.836865,1.173515
1.841507,1.175525
1.846966,1.177586
1.853213,1.179932
1.859477,1.182485
1.866171,1.185097
1.873059,1.187682
1.879651,1.190174
1.886231,1.192605
1.893574,1.195324
1.902991,1.198830
1.913462,1.202695
1.921866,1.205581
1.926930,1.207434
1.931278,1.208926
1.937088,1.211152
1.943782,1.213348
1.949256,1.215475
1.954864,1.217385
1.960164,1.219317
1.964918,1.220822
1.969062,1.222415
1.974916,1.223962
1.982358,1.226454
1.992633,1.229908
2.006421,1.234585
2.019857,1.238614
2.030079,1.241854
2.037320,1.243953
2.042722,1.245676
2.048015,1.247093
2.054726,1.249041
2.062886,1.251399
2.071074,1.253819
2.078729,1.255884
2.085264,1.257639
2.089749,1.259066
2.093919,1.260117
2.101396,1.262089
2.114304,1.265850
2.130090,1.270130
2.142611,1.273216
2.151258,1.275457
2.157249,1.276864
2.162025,1.277984
2.166478,1.279055
2.172456,1.280704
2.181854,1.282947
2.193078,1.285527
2.204336,1.288214
2.215650,1.290812
2.226682,1.293267
2.236236,1.295403
2.244856,1.297328
2.251384,1.298703
2.256647,1.299911
2.262014,1.300959
2.267908,1.302237
2.274868,1.303517
2.283177,1.305434
2.292835,1.307332
2.303485,1.309461
2.313760,1.311500
2.323518,1.313490
2.332759,1.315283
2.339607,1.316640
2.344954,1.317808
2.349810,1.318435
2.355661,1.319713
2.364463,1.321162
2.373219,1.323289
2.379831,1.324479
2.386232,1.325393
2.395172,1.327204
2.403752,1.328551
2.412469,1.330431
2.419528,1.331151
2.428434,1.333402
2.434830,1.333813
2.441266,1.335705
2.444891,1.335757
2.447604,1.336826
2.448675,1.336255
2.451242,1.336519
2.453322,1.336923
2.454751,1.336664
2.456522,1.336587
2.459971,1.337682
2.463209,1.339010
2.466807,1.338733
2.471722,1.339508
2.479022,1.340880
2.488989,1.342991
2.495864,1.342623
2.505533,1.345766
2.510984,1.346216
2.515330,1.347277
2.517711,1.347424
2.519599,1.347056
2.521286,1.346620
2.525227,1.349344
2.527971,1.348699
2.533474,1.349364
2.542169,1.351274
2.550853,1.352601
2.558335,1.352858
2.568709,1.354437
2.580219,1.356526
2.590886,1.357629
2.602110,1.359701
2.609798,1.360196
2.616850,1.361504
2.621360,1.362161
2.624222,1.362786
2.627602,1.363192
2.632017,1.363464
2.636385,1.364308
2.639161,1.364624
2.643176,1.365336
2.650253,1.366220
2.661914,1.367787
2.674873,1.369194
2.686795,1.370713
2.698339,1.372393
2.709884,1.374097
2.718223,1.375058
2.725784,1.375974
2.736158,1.377262
2.746848,1.378631
2.755184,1.379488
2.761197,1.380153
2.765374,1.380818
2.768465,1.381099
2.771291,1.381495
2.775281,1.382093
2.781724,1.382720
2.790662,1.383804
2.798971,1.384635
2.805335,1.385335
2.809298,1.385873
2.811731,1.386441
2.813433,1.386456
2.814506,1.386575
2.815026,1.386660
2.818716,1.387081
2.833162,1.388754
2.851731,1.390781
2.868201,1.392671
2.878880,1.393799
2.887644,1.394863
2.896908,1.395672
2.906926,1.396927
2.916254,1.398028
2.922553,1.398491
2.926306,1.399131
2.930820,1.399382
2.937765,1.399980
2.948405,1.401429
2.956707,1.402259
2.960984,1.402513
2.964353,1.403031
2.967345,1.403464
2.969760,1.403613
2.971857,1.403775
2.973760,1.403895
2.975604,1.404164
2.977863,1.404500
2.979615,1.404684
2.981160,1.404764
2.984199,1.404886
2.989355,1.405501
2.996757,1.406238
3.005583,1.407159
3.013545,1.407949
3.019970,1.408566
3.027867,1.409545
3.037153,1.410352
3.046898,1.411408
3.055782,1.412165
3.065139,1.413248
3.075409,1.414202
3.085505,1.415205
3.095178,1.416301
3.103028,1.416916
3.108092,1.417466
3.111228,1.417783
3.113198,1.417830
3.115308,1.417974
3.121122,1.418348
3.129066,1.419339
3.138404,1.420230
3.147153,1.421179
3.153395,1.421717
3.157035,1.422066
3.159092,1.422088
3.160134,1.422337
3.160727,1.422280
3.161229,1.422340
3.161923,1.422370
3.162805,1.422482
3.165506,1.422793
3.173972,1.423485
3.188063,1.424783
3.202552,1.426239
3.215532,1.427295
3.226493,1.428316
3.234561,1.428961
3.242495,1.429741
3.250588,1.430458
3.259680,1.431309
3.268407,1.432019
3.275349,1.432684
3.280197,1.433102
3.283907,1.433553
3.289055,1.433927
3.294368,1.434387
3.299596,1.434873
3.306235,1.435423
3.313931,1.436068
3.319815,1.436606
3.323229,1.436970
3.327538,1.437261
3.334542,1.437871
3.342392,1.438511
3.348301,1.439019
3.351919,1.439318
3.354664,1.439522
3.357395,1.439908
3.361311,1.440150
3.366249,1.440595
3.372230,1.441021
3.380616,1.441659
3.395383,1.442849
3.409842,1.443955
3.420191,1.444923
3.426252,1.445571
3.429731,1.445553
3.431671,1.445713
3.432605,1.445740
3.433806,1.446029
3.437098,1.446310
3.441928,1.446701
3.448327,1.447254
3.457329,1.447922
3.466106,1.448537
3.473816,1.449055
3.480853,1.449740
3.488578,1.450200
3.496793,1.450848
3.505343,1.451575
3.513238,1.452349
3.520809,1.452815
3.527376,1.453340
3.534194,1.453868
3.542720,1.454603
3.553439,1.455176
3.564196,1.456087
3.576188,1.457208
3.587427,1.458012
3.595736,1.458587
3.601650,1.459095
3.608202,1.459496
3.615843,1.460022
3.621324,1.460502
3.624820,1.460771
3.629678,1.461207
3.642256,1.462024
3.658815,1.463276
3.674487,1.464255
3.688797,1.465356
3.703475,1.466359
3.717790,1.467522
3.728365,1.468160
3.736401,1.468675
3.742511,1.469193
3.746681,1.469445
3.751200,1.469661
3.757539,1.470336
3.764857,1.470827
3.771616,1.471218
3.779159,1.471614
3.787369,1.472206
3.795423,1.472908
3.802397,1.473217
3.807839,1.473805
3.814392,1.474166
3.822676,1.474672
3.830386,1.475082
3.835863,1.475521
3.840450,1.475981
3.846314,1.476166
3.854340,1.476863
3.863270,1.477311
3.872151,1.477998
3.880025,1.478332
3.887517,1.478945
3.894370,1.479291
3.901437,1.479881
3.909031,1.480324
3.917198,1.480817
3.924548,1.481353
3.930141,1.481736
3.934361,1.481846
3.937246,1.482190
3.940940,1.482257
3.944707,1.482481
3.947093,1.482638
3.948283,1.482922
3.949260,1.482795
3.951143,1.483009
3.954388,1.483295
3.959338,1.483445
3.963808,1.483818
3.967158,1.483982
3.969593,1.484167
3.971278,1.484246
3.973355,1.484284
3.975313,1.484632
3.977688,1.484580
3.980606,1.484799
3.983602,1.484879
3.986644,1.485128
3.990115,1.485255
3.994684,1.485731
3.999284,1.486007
4.003319,1.486256
4.006982,1.486485
4.009474,1.486667
4.011882,1.486727
4.013239,1.486814
4.014180,1.486911
4.014732,1.486963
4.015271,1.486871
4.015651,1.486996
4.016946,1.486996
4.019197,1.487207
4.022092,1.487317
4.024947,1.487653
4.026602,1.487514
4.027539,1.487658
4.028224,1.487678
4.028373,1.487805
4.028093,1.487673
4.025658,1.487506
4.022258,1.487444
4.018847,1.487374
4.014784,1.487192
4.010259,1.487016
4.004981,1.486991
3.999212,1.486630
3.992515,1.486336
3.985468,1.486019
3.978680,1.485793
3.972219,1.485442
3.965878,1.485297
3.958724,1.485013
3.950075,1.484725
3.941510,1.484403
3.933903,1.483970
3.927157,1.483738
3.921201,1.483467
3.915404,1.483086
3.909530,1.482929
3.902759,1.482837
3.895995,1.482429
3.889664,1.482130
3.882985,1.481759
3.875446,1.481246
3.866655,1.481203
3.856648,1.480651
3.846195,1.480280
3.836064,1.479582
3.827221,1.479239
3.819786,1.478940
3.812222,1.478666
3.805079,1.478208
3.796821,1.478078
3.786507,1.477438
3.775030,1.476963
3.763418,1.476375
3.750172,1.475556
3.735519,1.474918
3.721311,1.474198
3.707925,1.473289
3.696341,1.472801
3.686228,1.472338
3.676842,1.471912
3.669617,1.471579
3.664448,1.471228
3.660348,1.471036
3.654621,1.470670
3.643424,1.470097
3.626910,1.469106
3.610212,1.468294
3.596933,1.467637
3.587280,1.467281
3.580111,1.466770
3.575330,1.466491
3.571472,1.466344
3.568644,1.466108
3.566291,1.465948
3.564442,1.465973
3.563416,1.465602
3.562581,1.465814
3.562196,1.465480
3.560312,1.465575
3.555017,1.465251
3.546641,1.464713
3.535936,1.464223
3.524424,1.463478
3.512030,1.462863
3.497576,1.461964
3.482543,1.461212
3.469418,1.460373
3.458206,1.459663
3.446543,1.458806
3.433309,1.458204
3.419707,1.457524
3.409216,1.456702
3.399980,1.456192
3.387966,1.455278
3.374513,1.454339
3.361356,1.453579
3.350510,1.452939
3.339587,1.452185
3.327853,1.451498
3.317623,1.450885
3.310994,1.450375
3.305423,1.449961
3.296830,1.449453
3.288546,1.448686
3.283850,1.448499
3.280734,1.448407
3.275869,1.448128
3.268556,1.447436
3.258619,1.446955
3.246682,1.446037
3.234872,1.445155
3.223086,1.444194
3.208299,1.443367
3.193982,1.442184
3.183299,1.441611
3.177053,1.440996
3.171303,1.440605
3.160235,1.439796
3.142785,1.438596
3.121823,1.437132
3.102819,1.435505
3.089473,1.434587
3.079243,1.433844
3.070181,1.432928
3.057471,1.431942
3.042933,1.430951
3.031592,1.429830
3.018395,1.428819
3.004666,1.427686
2.994285,1.427016
2.988500,1.426523
2.984279,1.425814
2.978720,1.425393
2.973626,1.425121
2.969002,1.424723
2.962872,1.424265
2.953909,1.423470
2.944037,1.422559
2.932272,1.421759
2.918200,1.420621
2.904158,1.419185
2.892194,1.418405
2.882215,1.417387
2.872457,1.416508
2.863842,1.415494
2.856060,1.414946
2.848352,1.414296
2.840624,1.413450
2.830225,1.412533
2.814665,1.411089
2.795684,1.409363
2.779227,1.407822
2.765928,1.406477
2.752279,1.405317
2.737065,1.403817
2.722176,1.402174
2.711437,1.401043
2.701654,1.400207
2.691869,1.399069
2.678925,1.397841
2.665043,1.396382
2.653714,1.395311
2.645820,1.394375
2.639509,1.393618
2.631940,1.392878
2.623840,1.392076
2.614760,1.390938
2.604766,1.389768
2.592894,1.388714
2.578517,1.386941
2.563814,1.385285
2.552242,1.383913
2.544370,1.382989
2.537960,1.382265
2.532428,1.381547
2.524805,1.380761
2.513916,1.379388
2.498868,1.377605
2.481674,1.375690
2.466566,1.373629
2.455158,1.372274
2.444384,1.370807
2.430531,1.368850
2.414469,1.366629
2.400656,1.364890
2.388180,1.363379
2.373050,1.360961
2.357045,1.358822
2.345322,1.357198
2.337403,1.356005
2.329536,1.354940
2.320437,1.353562
2.310704,1.352178
2.298682,1.350166
2.283796,1.347935
2.268395,1.345268
2.255004,1.343348
2.242155,1.341131
2.229490,1.339219
2.216833,1.336823
2.204744,1.334906
2.192578,1.332575
2.181342,1.330585
2.169907,1.328347
2.155917,1.325587
2.137542,1.322029
2.118280,1.317893
2.103794,1.315056
2.093777,1.312703
2.084129,1.310890
2.074977,1.308863
2.067259,1.307107
2.062148,1.305880
2.057131,1.304814
2.048502,1.302757
2.035243,1.299532
2.022806,1.296614
2.013650,1.294300
2.005383,1.292390
1.994790,1.289534
1.981837,1.286147
1.969343,1.282733
1.958805,1.279912
1.950429,1.277496
1.942584,1.275200
1.932891,1.271861
1.922639,1.269904
1.908068,1.264674
1.892883,1.260336
1.876433,1.255523
1.861448,1.249875
1.848840,1.245340
1.838667,1.242180
1.825756,1.238039
1.808881,1.231806
1.792275,1.225565
1.776022,1.219340
1.757346,1.212113
1.736941,1.203873
1.718387,1.196129
1.705280,1.190934
1.696521,1.187154
1.689133,1.184141
1.679781,1.179977
1.667205,1.174566
1.654013,1.168652
1.640946,1.162750
1.629461,1.157418
1.618821,1.152493
1.607627,1.147495
1.596679,1.142188
1.585477,1.136894
1.574134,1.131390
1.561074,1.125185
1.547850,1.118700
1.535252,1.112059
1.520489,1.104725
1.503739,1.096122
1.485203,1.086604
1.467454,1.077241
1.452110,1.069118
1.438332,1.061699
1.425937,1.054928
1.413481,1.048247
1.401166,1.041426
1.390298,1.035350
1.380689,1.029994
1.371910,1.024849
1.361002,1.018927
1.347092,1.011046
1.332046,1.002270
1.318596,0.994396
1.307603,0.988036
1.297425,0.982341
1.288252,0.976947
1.279806,0.971817
1.270383,0.966227
1.261214,0.960661
1.253521,0.956037
1.246725,0.951978
1.239845,0.947894
1.233317,0.943917
1.227734,0.940356
1.222625,0.937448
1.217111,0.933852
1.208300,0.928331
1.196316,0.920950
1.183152,0.913011
1.170807,0.905179
1.160162,0.898321
1.149448,0.891707
1.136733,0.883639
1.123822,0.875239
1.112225,0.867505
1.101943,0.861020
1.090684,0.853597
1.077905,0.845188
1.062643,0.835242
1.045267,0.824033
1.027707,0.812055
1.011426,0.800770
0.999850,0.793005
0.991781,0.787586
0.986546,0.783983
0.982672,0.781351
0.978965,0.778798
0.973195,0.774906
0.965639,0.769664
0.957436,0.764099
0.949766,0.758615
0.941591,0.753236
0.933306,0.747340
0.924207,0.741069
0.914437,0.734059
0.904828,0.727455
0.896839,0.721558
0.889452,0.716443
0.880377,0.710101
0.868488,0.701754
0.853614,0.691175
0.839080,0.680699
0.826017,0.671338
0.814632,0.663300
0.805816,0.657024
0.798312,0.651519
0.790114,0.645492
0.780322,0.638482
0.768626,0.629844
0.755218,0.620087
0.741606,0.609885
0.729368,0.600885
0.718534,0.592580
0.709077,0.585627
0.698390,0.577856
0.686580,0.568903
0.673370,0.559047
0.660347,0.549004
0.648259,0.539852
0.636886,0.530878
0.625704,0.522398
0.615929,0.514858
0.606546,0.507826
0.595131,0.499137
0.580448,0.487700
0.565264,0.475966
0.553041,0.466423
0.543092,0.458641
0.534827,0.452441
0.527343,0.446238
0.521233,0.441564
0.516425,0.437958
0.513006,0.435109
0.509256,0.432484
0.505012,0.429269
0.499203,0.424605
0.490560,0.417979
0.480470,0.410037
0.469159,0.401160
0.456456,0.391025
0.442328,0.379821
0.427829,0.368379
0.415735,0.358844
0.405751,0.350877
0.396580,0.343499
0.387923,0.336457
0.379191,0.329907
0.370867,0.323276
0.361288,0.315775
0.349324,0.306098
0.336060,0.295836
0.323894,0.285987
0.314310,0.278238
0.305417,0.271260
0.297183,0.264524
0.287181,0.256872
0.277232,0.248861
0.268217,0.241629
0.259058,0.234525
0.249685,0.226875
0.240551,0.219675
0.231208,0.212297
0.222243,0.204794
0.214051,0.198516
0.205759,0.191957
0.198898,0.186665
0.193027,0.181759
0.187289,0.177342
0.180608,0.172175
0.173509,0.166609
0.166313,0.160909
0.159805,0.155779
0.152691,0.150074
0.143442,0.142690
0.133555,0.134689
0.123308,0.126868
0.114435,0.119477
0.106272,0.113124
0.098355,0.107023
0.090553,0.100678
0.082135,0.094146
0.074710,0.088322
0.068426,0.083169
0.062477,0.078356
0.056283,0.073809
0.050461,0.069042
0.043864,0.063975
0.036837,0.058307
0.029727,0.052702
0.022241,0.047001
0.014933,0.041045
0.008885,0.036279
0.004440,0.032982
0.001356,0.030621
-0.000468,0.029181
-0.001782,0.027994
-0.002866,0.027212
-0.003360,0.026871
-0.003827,0.026562
-0.003947,0.026258
-0.004158,0.026270
-0.004240,0.026315
-0.004436,0.026218
-0.004339,0.026104
-0.004354,0.026123
-0.004623,0.026206
-0.004463,0.026143
-0.004523,0.026096
-0.004511,0.025974
-0.004463,0.026148
-0.004637,0.026024
-0.004568,0.026086
-0.004538,0.026236
-0.004473,0.026054
-0.004476,0.026079
-0.004568,0.026076
-0.004538,0.026141
-0.004585,0.026156
-0.004481,0.026255
-0.004466,0.026141
-0.004657,0.026196
-0.004692,0.026201
-0.004528,0.026106
-0.004503,0.026074
-0.004550,0.026181
-0.004588,0.026111
-0.004637,0.026203
-0.004580,0.026375
-0.004630,0.026168
-0.004690,0.026141
-0.003455,0.026666
-0.001777,0.026990
-0.001039,0.027316
-0.000786,0.027438
-0.000555,0.027366
-0.000393,0.027448
0.000238,0.027662
0.000404,0.027804
0.000494,0.027956
0.000496,0.027879
0.000429,0.027772
0.000578,0.027859
0.000543,0.027897
0.000489,0.027862
0.000516,0.027976
-0.000634,0.027513
-0.000490,0.027548
-0.000577,0.027523
-0.000480,0.027620
-0.000565,0.027667
-0.000552,0.027665
-0.000726,0.027530
-0.000537,0.027588
-0.000652,0.027573
-0.000654,0.027670
-0.000533,0.027650
-0.000711,0.027697
-0.000605,0.027590
-0.000562,0.027702
0.000099,0.027909
0.005612,0.030287
0.005739,0.030387
0.005453,0.029976
0.004894,0.029971
0.004323,0.029849
0.004360,0.029943
0.004271,0.029787
0.004276,0.029904
0.004407,0.029824
0.004256,0.029931
0.004268,0.029774
0.004273,0.029953
0.004300,0.030021
0.004144,0.029824
0.004310,0.029889
0.004191,0.029919
0.004365,0.029759
0.004218,0.029767
0.004343,0.029784
0.004199,0.029834
0.004390,0.029973
0.004320,0.029924
0.004328,0.029802
0.004243,0.029996
0.004186,0.029998
0.004218,0.029846
0.003463,0.029570
0.002670,0.029453
0.001833,0.029154
0.001132,0.028828
-0.000672,0.028143
-0.003306,0.027127
-0.005495,0.025884
-0.007311,0.024721
-0.009344,0.023337
-0.011217,0.021908
-0.013421,0.020095
-0.015667,0.018391
-0.018483,0.016036
-0.022640,0.012572
-0.027975,0.008169
-0.033223,0.004202
-0.037280,0.000860
-0.040675,-0.001847
-0.043540,-0.003986
-0.045928,-0.005846
-0.047838,-0.007417
-0.049988,-0.008916
-0.052120,-0.010836
-0.054928,-0.012846
-0.058652,-0.015386
-0.062504,-0.018765
-0.066233,-0.021763
-0.069479,-0.024146
-0.072659,-0.026532
-0.076227,-0.029256
-0.081786,-0.033714
-0.091573,-0.041307
-0.104840,-0.051586
-0.119992,-0.063450
-0.137108,-0.076762
-0.155222,-0.090852
-0.172792,-0.104817
-0.188618,-0.117221
-0.201355,-0.127094
-0.211955,-0.135544
-0.220903,-0.142574
-0.228762,-0.148324
-0.234930,-0.153287
-0.240702,-0.157575
-0.246404,-0.162117
-0.252954,-0.167257
-0.260175,-0.172827
-0.267182,-0.178253
-0.272721,-0.182661
-0.278747,-0.187099
-0.288564,-0.194781
-0.301090,-0.204680
-0.313253,-0.214013
-0.323078,-0.221583
-0.330140,-0.227271
-0.334476,-0.230575
-0.337719,-0.232871
-0.339540,-0.234338
-0.340934,-0.235518
-0.342805,-0.236928
-0.346443,-0.239553
-0.351783,-0.243811
-0.358743,-0.249115
-0.366553,-0.254671
-0.374007,-0.260894
-0.380266,-0.265877
-0.385241,-0.269632
-0.388357,-0.272085
-0.390668,-0.273691
-0.392086,-0.274754
-0.393759,-0.276014
-0.396472,-0.278392
-0.401275,-0.281667
-0.406921,-0.286192
-0.414000,-0.291680
-0.423047,-0.298444
-0.434119,-0.306763
-0.447769,-0.317329
-0.463241,-0.329036
-0.478767,-0.340815
-0.492440,-0.351366
-0.504206,-0.360465
-0.514036,-0.367928
-0.520693,-0.373130
-0.525444,-0.376529
-0.528383,-0.378888
-0.530473,-0.380409
-0.531760,-0.381485
-0.533114,-0.382217
-0.534155,-0.383305
-0.535490,-0.384222
-0.536479,-0.385180
-0.538718,-0.386652
-0.542840,-0.389750
-0.548786,-0.393899
-0.555848,-0.399297
-0.564097,-0.405473
-0.573398,-0.412349
-0.583071,-0.419896
-0.593701,-0.427761
-0.605146,-0.436282
-0.620701,-0.448001
-0.635446,-0.458789
-0.648263,-0.468518
-0.658508,-0.476606
-0.668134,-0.483499
-0.678056,-0.490947
-0.689580,-0.499167
-0.702283,-0.508849
-0.715793,-0.518474
-0.728015,-0.527541
-0.738638,-0.535422
-0.747966,-0.542159
-0.756822,-0.548598
-0.765206,-0.554667
-0.773684,-0.560701
-0.780880,-0.566030
-0.787231,-0.570475
-0.793262,-0.574932
-0.799705,-0.579405
-0.806689,-0.584552
-0.815192,-0.590673
-0.825291,-0.598019
-0.835630,-0.605151
-0.845848,-0.612554
-0.856164,-0.619906
-0.866233,-0.627110
-0.876003,-0.633826
-0.886166,-0.640704
-0.896707,-0.648192
-0.905843,-0.654515
-0.912192,-0.659044
-0.917323,-0.662503
-0.921761,-0.665857
-0.926654,-0.669157
-0.933049,-0.673622
-0.941225,-0.679068
-0.949176,-0.684584
-0.957406,-0.690267
-0.965173,-0.695867
-0.973177,-0.701116
-0.981655,-0.707080
-0.990677,-0.713189
-1.000236,-0.719601
-1.009308,-0.725966
-1.017560,-0.731475
-1.025263,-0.736774
-1.032720,-0.741650
-1.039735,-0.746359
-1.045452,-0.750358
-1.051254,-0.753956
-1.056167,-0.757470
-1.061492,-0.761096
-1.066812,-0.764545
-1.071153,-0.767550
-1.074120,-0.769331
-1.076135,-0.770656
-1.077370,-0.771321
-1.078791,-0.772451
-1.081482,-0.774085
-1.084273,-0.776214
-1.086839,-0.777897
-1.089399,-0.779610
-1.093002,-0.781784
-1.098058,-0.784969
-1.105667,-0.790054
-1.118101,-0.798237
-1.135502,-0.809371
-1.154143,-0.821476
-1.172762,-0.833556
-1.190225,-0.844750
-1.202853,-0.852641
-1.211172,-0.858057
-1.220152,-0.863466
-1.231776,-0.870782
-1.246588,-0.880101
-1.261114,-0.888886
-1.274840,-0.897390
-1.286303,-0.904283
-1.296344,-0.910531
-1.307120,-0.916821
-1.319450,-0.924075
-1.333417,-0.932216
-1.348348,-0.941026
-1.361625,-0.948786
-1.372394,-0.955285
-1.381153,-0.960276
-1.388920,-0.964716
-1.395758,-0.968536
-1.403357,-0.972928
-1.411276,-0.977575
-1.422078,-0.983547
-1.434047,-0.990367
-1.445196,-0.996446
-1.453118,-1.000866
-1.458731,-1.003897
-1.463547,-1.006529
-1.468079,-1.009213
-1.472760,-1.011870
-1.477772,-1.014540
-1.481427,-1.016534
-1.484533,-1.018019
-1.489545,-1.020830
-1.498913,-1.025753
-1.513265,-1.033421
-1.529434,-1.042082
-1.545707,-1.050618
-1.561326,-1.058544
-1.575949,-1.066229
-1.590215,-1.073533
-1.603327,-1.080107
-1.614466,-1.085700
-1.625350,-1.090862
-1.633768,-1.095185
-1.640465,-1.098346
-1.647626,-1.101735
-1.655945,-1.105789
-1.663666,-1.109375
-1.669239,-1.111997
-1.673381,-1.114089
-1.677829,-1.116126
-1.682779,-1.118295
-1.691023,-1.122229
-1.702585,-1.127561
-1.714897,-1.133044
-1.727679,-1.138794
-1.742370,-1.145301
-1.758061,-1.152241
-1.774043,-1.159346
-1.787551,-1.164862
-1.798372,-1.169371
-1.809126,-1.174056
-1.822843,-1.179502
-1.840199,-1.186686
-1.856646,-1.192961
-1.871003,-1.198631
-1.881710,-1.202770
-1.889376,-1.205721
-1.895655,-1.208124
-1.901472,-1.210116
-1.907098,-1.212196
-1.911359,-1.213680
-1.914527,-1.214838
-1.917827,-1.215879
-1.921492,-1.217353
-1.926879,-1.219258
-1.934659,-1.222039
-1.942593,-1.224970
-1.949210,-1.227204
-1.955005,-1.229142
-1.959371,-1.230506
-1.963391,-1.232023
-1.969864,-1.234503
-1.980357,-1.237827
-1.992709,-1.242081
-2.005576,-1.246322
-2.017470,-1.250109
-2.028488,-1.253613
-2.038619,-1.256686
-2.047633,-1.259517
-2.056827,-1.262027
-2.065169,-1.264702
-2.072564,-1.266858
-2.080801,-1.269194
-2.090583,-1.272043
-2.101800,-1.275211
-2.110986,-1.277681
-2.116458,-1.279419
-2.119579,-1.280333
-2.121442,-1.280876
-2.124277,-1.281381
-2.129846,-1.282923
-2.137857,-1.285209
-2.145843,-1.287236
-2.152649,-1.289198
-2.160491,-1.291153
-2.171439,-1.294233
-2.182961,-1.297256
-2.194404,-1.299986
-2.204678,-1.302369
-2.213989,-1.304757
-2.222917,-1.306993
-2.231450,-1.308804
-2.239237,-1.310589
-2.246980,-1.312417
-2.254044,-1.313799
-2.263643,-1.315973
-2.277431,-1.319041
-2.291152,-1.322027
-2.302811,-1.324492
-2.312877,-1.326668
-2.323798,-1.328830
-2.332870,-1.330608
-2.338960,-1.331848
-2.342583,-1.332510
-2.348089,-1.333566
-2.359114,-1.335745
-2.373385,-1.338584
-2.383525,-1.340519
-2.389894,-1.341649
-2.396759,-1.342967
-2.403761,-1.343891
-2.410572,-1.345362
-2.419085,-1.347026
-2.430046,-1.348923
-2.440875,-1.350794
-2.449007,-1.352283
-2.454285,-1.352958
-2.459118,-1.353784
-2.465884,-1.354970
-2.475739,-1.356596
-2.489902,-1.358924
-2.504483,-1.361437
-2.516803,-1.363367
-2.525681,-1.364801
-2.531796,-1.365700
-2.536632,-1.366557
-2.543602,-1.367620
-2.554922,-1.369281
-2.567811,-1.371231
-2.579231,-1.372909
-2.588206,-1.374082
-2.593506,-1.374941
-2.596444,-1.375424
-2.598449,-1.375798
-2.600551,-1.375925
-2.603215,-1.376151
-2.606688,-1.376903
-2.611422,-1.377481
-2.616643,-1.378241
-2.620357,-1.378811
-2.622785,-1.379102
-2.625575,-1.379508
-2.629884,-1.380019
-2.635313,-1.380731
-2.644547,-1.382140
-2.655150,-1.383488
-2.666381,-1.385084
-2.677672,-1.386623
-2.688610,-1.388149
-2.698276,-1.389374
-2.708086,-1.390702
-2.718771,-1.391914
-2.729170,-1.393175
-2.739111,-1.394699
-2.748534,-1.395593
-2.755273,-1.396584
-2.761022,-1.397258
-2.766916,-1.398182
-2.772067,-1.398860
-2.776421,-1.399370
-2.781885,-1.400020
-2.789573,-1.401076
-2.799308,-1.402264
-2.809722,-1.403539
-2.817629,-1.404376
-2.823001,-1.405055
-2.825926,-1.405294
-2.827899,-1.405683
-2.830771,-1.405760
-2.835651,-1.406365
-2.843613,-1.407244
-2.854026,-1.408701
-2.864239,-1.409869
-2.870473,-1.410643
-2.874573,-1.411072
-2.878017,-1.411440
-2.881894,-1.411906
-2.887489,-1.412469
-2.896785,-1.413452
-2.906796,-1.414538
-2.914074,-1.415410
-2.917647,-1.415816
-2.919789,-1.416022
-2.922165,-1.416087
-2.928591,-1.416891
-2.938177,-1.417915
-2.947602,-1.418956
-2.955022,-1.419840
-2.961989,-1.420572
-2.969197,-1.421311
-2.976575,-1.422011
-2.982981,-1.422659
-2.989108,-1.423396
-2.994624,-1.423954
-2.999487,-1.424506
-3.004397,-1.425009
-3.008271,-1.425455
-3.011613,-1.425629
-3.014309,-1.426033
-3.016257,-1.426048
-3.017833,-1.426436
-3.019038,-1.426561
-3.020295,-1.426636
-3.021587,-1.426765
-3.023471,-1.426942
-3.026216,-1.427323
-3.028952,-1.427475
-3.034630,-1.428199
-3.046271,-1.429275
-3.060646,-1.430914
-3.074191,-1.432072
-3.084321,-1.432958
-3.092727,-1.433857
-3.101272,-1.434652
-3.108978,-1.435428
-3.116840,-1.436258
-3.124421,-1.436900
-3.130988,-1.437498
-3.136318,-1.438163
-3.140547,-1.438586
-3.144523,-1.438860
-3.148501,-1.439338
-3.152561,-1.439677
-3.157660,-1.440137
-3.163572,-1.440623
-3.172567,-1.441490
-3.183000,-1.442563
-3.191317,-1.443422
-3.196712,-1.443908
-3.199837,-1.443833
-3.202379,-1.444311
-3.204337,-1.444458
-3.206191,-1.444697
-3.207543,-1.444782
-3.208939,-1.445016
-3.211315,-1.444954
-3.217723,-1.445633
-3.231400,-1.446856
-3.242810,-1.447892
-3.249541,-1.448510
-3.253487,-1.448786
-3.257112,-1.449219
-3.262996,-1.449944
-3.272307,-1.450509
-3.283337,-1.451710
-3.293897,-1.452549
-3.303188,-1.453303
-3.312066,-1.454025
-3.321936,-1.454832
-3.333222,-1.455776
-3.344935,-1.456847
-3.356870,-1.457666
-3.368650,-1.458558
-3.379770,-1.459887
-3.388266,-1.460336
-3.394654,-1.461160
-3.400116,-1.461431
-3.404332,-1.461835
-3.414808,-1.462572
-3.430000,-1.463944
-3.440548,-1.464629
-3.447797,-1.465281
-3.454483,-1.465849
-3.461118,-1.466312
-3.466472,-1.466688
-3.471300,-1.467159
-3.476335,-1.467761
-3.482763,-1.468095
-3.490950,-1.468807
-3.500544,-1.469542
-3.510598,-1.470359
-3.519106,-1.471093
-3.526426,-1.471599
-3.534241,-1.472271
-3.544317,-1.473003
-3.556907,-1.473815
-3.570355,-1.474903
-3.584660,-1.475842
-3.598264,-1.476958
-3.609250,-1.477767
-3.618742,-1.478609
-3.627384,-1.479112
-3.635387,-1.479802
-3.641947,-1.480280
-3.646447,-1.480594
-3.650537,-1.480828
-3.655358,-1.481189
-3.659870,-1.481749
-3.664939,-1.481893
-3.670401,-1.482347
-3.674819,-1.482693
-3.678086,-1.482805
-3.682497,-1.483084
-3.689832,-1.483694
-3.699103,-1.484441
-3.708289,-1.484964
-3.716822,-1.485581
-3.724552,-1.486142
-3.732297,-1.486729
-3.740778,-1.487178
-3.749748,-1.487872
-3.757513,-1.488495
-3.765383,-1.488991
-3.773595,-1.489645
-3.781464,-1.490146
-3.789267,-1.490704
-3.797969,-1.491354
-3.807103,-1.491939
-3.815566,-1.492432
-3.822981,-1.493000
-3.829103,-1.493301
-3.832816,-1.493553
-3.835452,-1.493605
-3.837569,-1.493846
-3.840481,-1.494003
-3.844186,-1.494227
-3.849084,-1.494471
-3.855507,-1.495062
-3.862802,-1.495440
-3.868937,-1.495854
-3.872625,-1.496023
-3.875388,-1.496140
-3.877997,-1.496459
-3.882209,-1.496670
-3.888272,-1.497208
-3.895395,-1.497654
-3.902251,-1.498115
-3.908346,-1.498354
-3.914486,-1.498894
-3.919965,-1.499213
-3.924873,-1.499449
-3.929012,-1.499756
-3.932287,-1.500002
-3.935654,-1.500067
-3.938584,-1.500418
-3.940785,-1.500510
-3.942604,-1.500615
-3.944232,-1.500640
-3.945837,-1.500712
-3.947313,-1.500929
-3.948633,-1.501001
-3.950054,-1.501105
-3.951443,-1.501265
-3.952874,-1.501362
-3.954005,-1.501392
-3.955433,-1.501449
-3.956616,-1.501427
-3.957978,-1.501566
-3.959079,-1.501643
-3.960500,-1.501608
-3.961862,-1.501760
-3.963156,-1.501940
-3.964374,-1.501965
-3.965661,-1.502144
-3.967087,-1.502027
-3.968123,-1.502204
-3.969333,-1.502278
-3.970631,-1.502333
-3.971875,-1.502470
-3.972944,-1.502562
-3.974350,-1.502612
-3.975498,-1.502662
-3.976698,-1.502627
-3.977705,-1.502746
-3.978868,-1.502861
-3.980167,-1.502933
-3.981345,-1.502995
-3.981529,-1.503073
-3.978768,-1.502769
-3.973580,-1.502507
-3.967246,-1.502453
-3.960483,-1.502206
-3.953664,-1.501828
-3.947942,-1.501716
-3.944145,-1.501506
-3.936616,-1.501237
-3.920537,-1.500530
-3.903034,-1.499915
-3.891594,-1.499479
-3.885951,-1.498966
-3.883814,-1.498897
-3.883118,-1.498949
-3.882616,-1.498934
-3.881900,-1.498872
-3.881105,-1.498842
-3.879401,-1.498742
-3.876255,-1.498760
-3.871467,-1.498254
-3.866214,-1.498035
-3.859224,-1.497801
-3.852826,-1.497485
-3.845995,-1.497198
-3.837974,-1.496772
-3.828224,-1.496299
-3.818245,-1.495839
-3.809704,-1.495515
-3.803241,-1.495303
-3.798279,-1.494897
-3.793893,-1.494701
-3.788829,-1.494564
-3.782886,-1.494170
-3.775814,-1.493944
-3.768119,-1.493465
-3.757995,-1.493127
-3.746550,-1.492395
-3.734623,-1.491941
-3.724013,-1.491463
-3.713619,-1.490903
-3.702838,-1.490460
-3.691875,-1.489792
-3.680651,-1.489237
-3.668885,-1.488590
-3.657440,-1.487952
-3.647662,-1.487464
-3.639373,-1.487135
-3.629973,-1.486470
-3.618689,-1.485910
-3.606370,-1.485312
-3.594927,-1.484533
-3.582667,-1.483960
-3.571876,-1.483412
-3.560967,-1.482830
-3.549013,-1.482055
-3.537836,-1.481388
-3.530064,-1.480950
-3.522460,-1.480626
-3.515210,-1.480068
-3.506649,-1.479724
-3.496198,-1.478870
-3.486296,-1.478347
-3.476186,-1.477752
-3.466060,-1.477000
-3.454769,-1.476388
-3.442683,-1.475581
-3.429588,-1.474881
-3.416013,-1.474121
-3.403018,-1.473280
-3.390477,-1.472563
-3.380508,-1.472062
-3.370802,-1.471382
-3.356962,-1.470423
-3.342972,-1.469634
-3.328705,-1.468648
-3.317071,-1.467722
-3.305805,-1.466994
-3.293863,-1.466036
-3.279992,-1.465336
-3.263918,-1.464098
-3.246621,-1.463082
-3.227270,-1.461571
-3.203741,-1.459843
-3.177899,-1.458045
-3.155953,-1.456257
-3.142913,-1.455432
-3.136346,-1.455019
-3.132666,-1.454665
-3.129960,-1.454494
-3.122277,-1.453963
-3.107663,-1.452937
-3.087059,-1.451460
-3.062748,-1.449528
-3.036866,-1.447374
-3.015109,-1.445526
-2.996307,-1.443975
-2.980386,-1.442827
-2.967848,-1.441614
-2.956361,-1.440678
-2.940461,-1.439368
-2.919556,-1.437528
-2.902759,-1.435914
-2.893227,-1.435199
-2.884443,-1.434532
-2.868242,-1.433157
-2.850006,-1.431364
-2.831057,-1.429848
-2.809528,-1.427779
-2.785776,-1.425318
-2.759450,-1.422781
-2.732042,-1.420221
-2.708340,-1.417731
-2.689589,-1.415736
-2.677023,-1.414456
-2.668302,-1.413624
-2.659906,-1.412802
-2.649474,-1.411737
-2.633398,-1.410033
-2.612254,-1.407658
-2.587916,-1.404886
-2.564650,-1.402448
-2.545068,-1.400092
-2.527217,-1.397811
-2.509140,-1.395667
-2.490133,-1.393406
-2.473440,-1.391471
-2.459473,-1.389698
-2.443973,-1.387758
-2.425501,-1.385218
-2.408512,-1.382962
-2.390505,-1.380584
-2.372244,-1.378101
-2.354401,-1.375295
-2.336448,-1.372792
-2.318778,-1.370255
-2.303688,-1.368048
-2.293033,-1.366288
-2.282816,-1.364756
-2.270300,-1.362804
-2.255729,-1.360423
-2.242848,-1.358207
-2.231067,-1.356292
-2.218496,-1.354041
-2.204008,-1.351675
-2.187489,-1.348796
-2.169300,-1.345330
-2.148763,-1.341356
-2.127895,-1.337277
-2.110201,-1.333653
-2.095307,-1.330563
-2.083830,-1.328272
-2.073607,-1.325909
-2.062438,-1.323518
-2.048811,-1.320405
-2.031256,-1.316150
-2.012083,-1.311363
-1.993164,-1.306841
-1.972041,-1.300952
-1.948591,-1.294383
-1.922203,-1.286504
-1.904397,-1.280878
-1.895640,-1.278184
-1.886769,-1.275467
-1.879439,-1.272982
-1.872934,-1.271057
-1.867852,-1.269373
-1.861457,-1.267205
-1.851602,-1.263950
-1.838542,-1.259423
-1.824150,-1.254410
-1.807499,-1.248381
-1.788115,-1.240973
-1.767059,-1.232999
-1.746502,-1.224876
-1.728137,-1.217370
-1.713106,-1.211130
-1.701658,-1.206600
-1.693044,-1.202887
-1.679688,-1.196988
-1.661290,-1.189086
-1.641133,-1.179935
-1.623543,-1.171807
-1.607636,-1.164461
-1.591552,-1.156691
-1.575236,-1.148852
-1.561664,-1.142231
-1.549173,-1.136169
-1.536769,-1.130175
-1.526385,-1.124797
-1.517114,-1.120192
-1.505771,-1.114477
-1.491871,-1.107178
-1.477981,-1.099984
-1.466066,-1.093714
-1.453078,-1.086609
-1.437153,-1.078272
-1.418947,-1.068040
-1.399419,-1.057409
-1.382656,-1.047939
-1.367412,-1.039235
-1.352458,-1.030943
-1.338039,-1.022518
-1.322347,-1.013574
-1.306554,-1.004604
-1.292373,-0.996170
-1.279216,-0.988181
-1.264342,-0.979239
-1.248389,-0.969806
-1.233001,-0.960455
-1.219742,-0.952309
-1.209226,-0.945723
-1.201242,-0.940882
-1.193579,-0.936016
-1.184994,-0.930789
-1.174846,-0.924337
-1.162897,-0.916645
-1.148135,-0.907451
-1.131611,-0.896723
-1.111528,-0.884060
-1.090703,-0.870207
-1.070174,-0.856849
-1.052462,-0.844682
-1.037976,-0.835232
-1.026421,-0.827562
-1.016412,-0.820490
-1.006652,-0.814150
-0.996353,-0.807065
-0.984117,-0.798840
-0.969874,-0.788916
-0.953211,-0.777668
-0.934893,-0.764796
-0.914831,-0.750692
-0.894920,-0.736527
-0.876398,-0.723459
-0.861475,-0.712895
-0.848926,-0.703866
-0.838212,-0.696173
-0.827428,-0.688414
-0.815687,-0.679945
-0.802826,-0.670479
-0.787934,-0.659677
-0.773520,-0.649116
-0.759764,-0.639055
-0.746666,-0.629595
-0.733802,-0.620184
-0.720081,-0.609982
-0.704661,-0.598417
-0.688979,-0.586579
-0.672132,-0.573996
-0.654875,-0.560611
-0.636289,-0.546459
-0.619601,-0.533694
-0.603474,-0.521166
-0.589057,-0.510050
-0.578156,-0.501877
-0.569179,-0.494635
-0.559742,-0.487436
-0.549646,-0.479694
-0.537768,-0.470645
-0.524586,-0.460079
-0.507660,-0.446982
-0.487717,-0.431419
-0.467709,-0.415299
-0.448362,-0.400137
-0.429952,-0.385780
-0.413709,-0.372874
-0.399046,-0.361110
-0.383245,-0.348841
-0.367161,-0.335862
-0.350975,-0.323122
-0.333751,-0.309411
-0.315415,-0.294706
-0.298844,-0.281577
-0.281532,-0.267911
-0.263314,-0.253174
-0.245140,-0.238853
-0.228295,-0.225563
-0.211364,-0.212260
-0.192993,-0.197488
-0.176917,-0.184539
-0.161374,-0.172123
-0.146103,-0.159978
-0.130570,-0.147803
-0.115549,-0.135987
-0.100434,-0.124211
-0.085923,-0.112450
-0.073241,-0.102491
-0.060225,-0.092062
-0.045669,-0.080754
-0.031416,-0.069304
-0.020088,-0.060633
-0.012251,-0.054385
-0.006586,-0.050139
-0.002794,-0.047340
-0.000376,-0.045625
0.001175,-0.044257
0.002357,-0.043391
0.002969,-0.042875
0.003615,-0.042514
0.003652,-0.042168
0.004139,-0.042178
0.004149,-0.042121
0.004218,-0.041944
0.004310,-0.041964
0.004345,-0.041892
0.004410,-0.041919
0.004375,-0.041877
0.004283,-0.041832
0.004417,-0.041869
0.004360,-0.041852
0.004358,-0.042014
0.004512,-0.041932
0.004464,-0.041889
0.004442,-0.041957
0.004440,-0.042019
0.004435,-0.041959
0.004477,-0.042118
0.004546,-0.041897
0.004437,-0.041979
0.004517,-0.042106
0.004544,-0.041991
0.004430,-0.041770
0.004435,-0.041957
0.004469,-0.041844
0.004628,-0.041979
0.004609,-0.041919
0.004487,-0.042066
0.004450,-0.041971
0.004355,-0.042016
0.003426,-0.042380
0.002149,-0.042836
0.001175,-0.043199
0.000799,-0.043341
0.000653,-0.043264
0.000692,-0.043381
0.000049,-0.043553
-0.000269,-0.043682
-0.000431,-0.043757
-0.000595,-0.043707
-0.000460,-0.043732
-0.000493,-0.043829
-0.000533,-0.043700
-0.000520,-0.043690
-0.000493,-0.043617
-0.000503,-0.043849
-0.000393,-0.043782
-0.000386,-0.043871
-0.000306,-0.043792
0.000158,-0.043610
0.000712,-0.043451
0.000752,-0.043458
0.000697,-0.043339
0.000533,-0.043428
0.000822,-0.043533
0.000779,-0.043583
0.000844,-0.043588
0.000735,-0.043463
0.000755,-0.043598
0.000663,-0.043525
0.000745,-0.043548
0.000680,-0.043490
0.000807,-0.043560
0.000650,-0.043518
0.000710,-0.043565
0.000668,-0.043680
0.000650,-0.043603
0.000665,-0.043662
0.000683,-0.043555
0.000770,-0.043590
0.000586,-0.043525
0.000717,-0.043585
0.000658,-0.043615
-0.000411,-0.044078
-0.006049,-0.046202
-0.005959,-0.046053
-0.005378,-0.045933
-0.004993,-0.045891
-0.004613,-0.045804
-0.004419,-0.045637
-0.004541,-0.045762
-0.004498,-0.045719
-0.004461,-0.045722
-0.004339,-0.045699
-0.004374,-0.045632
-0.004513,-0.045645
-0.004449,-0.045684
-0.004352,-0.045724
-0.004140,-0.045687
-0.003917,-0.045537
-0.002463,-0.045176
0.000760,-0.044113
0.003222,-0.042918
0.005125,-0.041765
0.006947,-0.040398
0.009382,-0.038522
0.013067,-0.035850
0.017875,-0.032026
0.022658,-0.028318
0.027191,-0.024899
0.030875,-0.021890
0.034444,-0.019017
0.037627,-0.016509
0.040782,-0.014240
0.044115,-0.011414
0.048483,-0.007960
0.054595,-0.003645
0.061436,0.002118
0.068727,0.007611
0.075913,0.013513
0.082346,0.018907
0.088784,0.023979
0.094807,0.028753
0.100927,0.033392
0.107706,0.038547
0.115168,0.044479
0.123360,0.051118
0.132778,0.058170
0.142610,0.065795
0.152552,0.073846
0.161412,0.080856
0.169374,0.086827
0.176654,0.092655
0.184186,0.098337
0.193973,0.105885
0.203331,0.113425
0.211506,0.119795
0.218474,0.125169
0.225734,0.130969
0.235597,0.138646
0.247332,0.147616
0.259627,0.157246
0.271159,0.166377
0.280099,0.173201
0.288968,0.180004
0.302490,0.190585
0.317916,0.202336
0.330596,0.212357
0.339752,0.219322
0.345803,0.223964
0.350571,0.227724
0.355064,0.231183
0.358488,0.234032
0.361127,0.236143
0.363838,0.238046
0.367157,0.240431
0.371347,0.243751
0.378066,0.248719
0.386141,0.255193
0.395054,0.261840
0.402760,0.267667
0.408460,0.272052
0.412008,0.275210
0.414873,0.277204
0.417293,0.279067
0.419480,0.280506
0.421955,0.282553
0.425829,0.285659
0.430463,0.289015
0.435586,0.292865
0.442951,0.298441
0.453179,0.306400
0.465186,0.315464
0.477943,0.325203
0.489860,0.334362
0.499185,0.341534
0.507084,0.347423
0.514382,0.352947
0.521056,0.358141
0.529391,0.364095
0.538227,0.370978
0.545999,0.376898
0.552628,0.381933
0.559347,0.386799
0.566760,0.392696
0.576239,0.399753
0.586260,0.407169
0.594393,0.413494
0.600384,0.417765
0.604126,0.420733
0.607138,0.422835
0.610403,0.425143
0.614749,0.428505
0.621898,0.433667
0.630545,0.440269
0.640439,0.447560
0.650793,0.455434
0.663714,0.465084
0.677995,0.475585
0.691343,0.485668
0.703099,0.494281
0.711393,0.500445
0.716860,0.504499
0.720634,0.507084
0.725725,0.510824
0.734820,0.517122
0.745932,0.525633
0.758276,0.534473
0.769769,0.542868
0.780597,0.550553
0.790696,0.557842
0.798893,0.563992
0.806511,0.569361
0.813457,0.574319
0.820578,0.579439
0.828748,0.585458
0.837798,0.591709
0.847103,0.598333
0.856242,0.604844
0.865946,0.611782
0.875984,0.618757
0.886058,0.625929
0.895532,0.632526
0.906113,0.639939
0.916427,0.647345
0.927641,0.654808
0.940517,0.664054
0.955610,0.673990
0.969788,0.683881
0.981489,0.691845
0.992117,0.699206
1.002059,0.705875
1.009610,0.711179
1.015211,0.714944
1.022066,0.719496
1.031419,0.725939
1.041989,0.733001
1.052008,0.739665
1.062273,0.746602
1.071825,0.752629
1.081364,0.759225
1.091094,0.765705
1.099826,0.771231
1.107862,0.776923
1.115734,0.781941
1.122244,0.786077
1.127792,0.789708
1.133396,0.793214
1.140343,0.797824
1.149157,0.803362
1.159056,0.809953
1.168663,0.815823
1.178189,0.822026
1.188698,0.828695
1.200836,0.836161
1.212698,0.843673
1.222864,0.850165
1.230616,0.854934
1.237363,0.859165
1.245625,0.864193
1.254630,0.869885
1.262009,0.874281
1.268221,0.878133
1.274836,0.882122
1.281704,0.886313
1.289785,0.891381
1.299918,0.897153
1.312491,0.904696
1.326629,0.913141
1.341230,0.921490
1.356482,0.930719
1.370628,0.939074
1.381777,0.945558
1.389508,0.950053
1.395339,0.953382
1.401112,0.956540
1.408089,0.960285
1.416749,0.965126
1.426961,0.971444
1.436575,0.976407
1.444111,0.980717
1.450845,0.984453
1.459994,0.989518
1.470388,0.995245
1.480683,1.000704
1.490125,1.005811
1.498245,1.010306
1.507230,1.015087
1.518817,1.021144
1.530717,1.027548
1.540686,1.032818
1.548985,1.037021
1.559009,1.042146
1.572064,1.048954
1.587390,1.056789
1.603529,1.064832
1.618237,1.072280
1.631118,1.078359
1.644531,1.084856
1.659644,1.092117
1.676078,1.099872
1.693032,1.107821
1.709268,1.115463
1.721891,1.120852
1.730906,1.124874
1.736546,1.127543
1.740885,1.129451
1.747877,1.132299
1.759004,1.137330
1.771070,1.142497
1.784980,1.148329
1.799963,1.154953
1.814221,1.160685
1.825475,1.165277
1.836294,1.169590
1.850167,1.175079
1.869111,1.182405
1.891002,1.190600
1.911146,1.198168
1.929613,1.204969
1.946244,1.210823
1.964945,1.217527
1.982423,1.223157
1.999419,1.229196
2.010663,1.232408
2.018957,1.235402
2.023758,1.236789
2.031257,1.238863
2.044176,1.242798
2.060319,1.247820
2.077268,1.252719
2.096682,1.258439
2.120598,1.265237
2.141655,1.270872
2.157890,1.275268
2.171870,1.278751
2.186761,1.282327
2.201988,1.286145
2.215568,1.289265
2.227420,1.292223
2.237760,1.294477
2.251150,1.297617
2.267421,1.301133
2.284258,1.304881
2.300740,1.308330
2.316680,1.311587
2.330577,1.314399
2.338879,1.316227
2.343719,1.317038
2.347936,1.317927
2.360000,1.320094
2.381672,1.324711
2.406185,1.329265
2.426459,1.332841
2.443611,1.336049
2.459330,1.338576
2.476217,1.341550
2.496637,1.344595
2.518849,1.348166
2.538292,1.351568
2.552699,1.353590
2.563347,1.355201
2.573860,1.356553
2.586714,1.358585
2.605313,1.361232
2.625653,1.364183
2.641584,1.366360
2.653650,1.368060
2.662523,1.369166
2.669135,1.370165
2.674169,1.370847
2.679047,1.371552
2.688673,1.372727
2.702446,1.374500
2.716041,1.376448
2.730701,1.378355
2.747558,1.380442
2.764244,1.382511
2.779428,1.384454
2.792397,1.385908
2.806483,1.387594
2.823181,1.389608
2.840500,1.391675
2.860625,1.393869
2.884210,1.396700
2.908030,1.399427
2.931037,1.401748
2.952702,1.404064
2.970170,1.405937
2.983531,1.407478
2.994317,1.408469
3.003096,1.409438
3.010585,1.410282
3.016618,1.410875
3.021454,1.411313
3.024592,1.411592
3.030439,1.412115
3.041208,1.413275
3.056808,1.414874
3.072686,1.416605
3.086578,1.417915
3.099847,1.419237
3.112959,1.420636
3.130134,1.422078
3.148500,1.423747
3.163674,1.425054
3.175050,1.426224
3.187084,1.427330
3.201692,1.428695
3.219319,1.430331
3.235033,1.431880
3.250767,1.433349
3.268931,1.434811
3.285689,1.436282
3.301002,1.437819
3.319161,1.439241
3.336195,1.440777
3.347466,1.441701
3.353902,1.442234
3.359259,1.442687
3.362894,1.442919
3.365043,1.443230
3.367819,1.443382
3.373673,1.443788
3.384934,1.444605
3.402937,1.445992
3.420089,1.447386
3.431067,1.448365
3.439498,1.449137
3.450730,1.450041
3.463653,1.450927
3.475454,1.451866
3.486911,1.452925
3.499179,1.453699
3.511270,1.454760
3.524158,1.455709
3.537459,1.456767
3.549692,1.457696
3.560066,1.458465
3.569427,1.459170
3.577403,1.459830
3.586795,1.460649
3.599451,1.461488
3.612859,1.462484
3.623802,1.463251
3.634360,1.463944
3.646560,1.464708
3.661350,1.465829
3.673172,1.466725
3.681770,1.467261
3.688215,1.467731
3.693702,1.468132
3.700182,1.468556
3.707818,1.469091
3.717250,1.469763
3.724489,1.470476
3.730236,1.470894
3.735462,1.471121
3.742812,1.471703
3.750363,1.472114
3.757338,1.472612
3.766067,1.473250
3.776168,1.473802
3.788530,1.474701
3.801485,1.475628
3.813678,1.476320
3.823933,1.477132
3.833465,1.477732
3.842825,1.478347
3.850382,1.478868
3.857446,1.479293
3.865020,1.479518
3.872099,1.480349
3.879834,1.480653
3.888039,1.481408
3.896785,1.481893
3.905741,1.482324
3.913829,1.482817
3.921395,1.483350
3.927970,1.483674
3.934969,1.484204
3.940846,1.484478
3.945008,1.484934
3.948139,1.485116
3.950442,1.485073
3.952463,1.485352
3.954945,1.485342
3.957641,1.485464
3.960744,1.485701
3.964000,1.485880
3.968273,1.486052
3.971777,1.486306
3.975186,1.486742
3.978488,1.486978
3.981284,1.487060
3.982874,1.487098
3.983796,1.487287
3.984233,1.487192
3.984514,1.487172
3.984708,1.487342
3.984745,1.487120
3.984976,1.487382
3.985051,1.487275
3.984899,1.487342
3.984748,1.487354
3.984862,1.487172
3.985053,1.487235
3.984907,1.487227
3.984909,1.487307
3.984790,1.487247
3.984715,1.487289
3.984884,1.487130
3.984889,1.487309
3.984864,1.487170
3.984807,1.487225
3.984790,1.487255
3.984889,1.487329
3.984763,1.487215
